isolate_id,lineage
site.05.subj.PTAN-0182.lab.TAN-535.iso.1,lineage4
site.05.subj.PTAN-0185.lab.TAN-545.iso.1,lineage2
site.05.subj.PTAN-0241.lab.TAN-604.iso.1,lineage4
site.05.subj.PTAN-0243.lab.TAN-549.iso.1,lineage4
site.05.subj.PTAN-0269.lab.TAN-633.iso.1,lineage2
site.05.subj.PTAN-0443.lab.TAN-185.iso.1,lineage4
site.06.subj.MHL_0061-13.lab.06MIL0074.iso.1,lineage4
site.06.subj.JHL_0027-14.lab.06MIL0077.iso.1,lineage3
site.06.subj.ATH_0060-14.lab.06MIL0083.iso.1,lineage4
site.06.subj.GDH-52290.lab.06MIL0106.iso.1,lineage3
site.06.subj.RLH_0253-14.lab.06MIL0125.iso.1,lineage4
site.06.subj.MHL_0181-14.lab.06MIL0203.iso.1,lineage3
site.06.subj.JHL_0064-14.lab.06MIL0271.iso.1,lineage3
site.06.subj.SGD_0063-14.lab.06MIL0365.iso.1,lineage3
site.06.subj.JHL_0099-14.lab.06MIL0433.iso.1,lineage3
site.05.subj.PMOP-0541.lab.MOP-069.iso.1,lineage4
site.05.subj.PMOP-0581.lab.MOP-125.iso.1,lineage4
site.05.subj.PMOP-0623.lab.MOP-187.iso.1,lineage4
site.05.subj.PLN-0855.lab.LN-2957.iso.1,lineage4
site.05.subj.PLN-0859.lab.LN-3798.iso.1,lineage4
site.05.subj.PLN-0861.lab.LN-763.iso.1,lineage4
site.05.subj.PPAR-0897.lab.PAR-677.iso.1,lineage4
site.05.subj.PMK-0933.lab.MK-0264.iso.1,lineage4
site.05.subj.PMK-0957.lab.MK-0874.iso.1,lineage4
site.05.subj.PMK-0990.lab.MK-1391.iso.1,lineage4
site.05.subj.PMFR-0664.lab.MFR-016.iso.1,lineage4
site.05.subj.PMFR-0700.lab.MFR-133.iso.1,lineage4
site.05.subj.PSLM-0760.lab.SLM-013.iso.1,lineage4
site.05.subj.PSLM-0796.lab.SLM-055.iso.1,lineage2
site.04.subj.00056.lab.632530.iso.1,lineage2
site.04.subj.00512.lab.701806.iso.1,lineage1
site.04.subj.00705.lab.702260.iso.1,lineage1
site.04.subj.00481.lab.704487.iso.1,lineage4
site.04.subj.00367.lab.704912.iso.1,lineage2
site.04.subj.00576.lab.705698.iso.1,lineage2
site.04.subj.00551.lab.706783.iso.1,lineage4
site.04.subj.00561.lab.706790.iso.1,lineage2
site.04.subj.00519.lab.706793.iso.1,lineage3
site.04.subj.00801.lab.708444.iso.1,lineage2
site.04.subj.00631.lab.712907.iso.1,lineage2
site.04.subj.00777.lab.713507.iso.1,lineage2
site.04.subj.00663.lab.713800.iso.1,lineage2
site.04.subj.00699.lab.714916.iso.1,lineage2
site.04.subj.00902.lab.715192.iso.1,lineage2
site.04.subj.01213.lab.717379.iso.1,lineage2
site.04.subj.01005.lab.717887.iso.1,lineage2
site.04.subj.01314.lab.722912.iso.1,lineage2
site.04.subj.01524.lab.724517.iso.1,lineage3
site.04.subj.01282.lab.724776.iso.1,lineage3
site.04.subj.01493.lab.727254.iso.1,lineage3
site.04.subj.01055.lab.718532.iso.1,lineage2
site.04.subj.01408.lab.800357.iso.1,lineage2
site.04.subj.01158.lab.801203.iso.1,lineage2
site.10.subj.YA00023158.lab.YA00023158.iso.1,lineage2
site.10.subj.YA00020414.lab.YA00020414.iso.1,lineage4
site.10.subj.YA00032765.lab.YA00032765.iso.1,lineage4
site.10.subj.YA00035967.lab.YA00035967.iso.1,lineage4
site.10.subj.YA00053665.lab.YA00053665.iso.1,lineage4
site.02.subj.0027.lab.2014233008.iso.1,lineage4
site.02.subj.0294.lab.2014235045.iso.1,lineage4
site.02.subj.0221.lab.2013221098.iso.1,lineage2
site.02.subj.0191.lab.2013221431.iso.1,lineage2
site.02.subj.0189.lab.2013222096.iso.1,lineage2
site.02.subj.0084.lab.22A035.iso.1,lineage4
site.02.subj.0103.lab.22A056.iso.1,lineage2
site.02.subj.0673.lab.2014242052.iso.1,lineage4
site.02.subj.0040.lab.2015235180.iso.1,lineage2
site.02.subj.0916.lab.22A151.iso.1,lineage2
site.02.subj.0940.lab.22A175.iso.1,lineage2
site.02.subj.0962.lab.22A202.iso.1,lineage2
site.02.subj.1038.lab.2013185106.iso.1,lineage4
site.02.subj.1098.lab.2013185390.iso.1,lineage2
site.05.subj.LS-0493.lab.LS-08679-18.iso.1,lineage2
site.05.subj.LS-0358.lab.LS-07501-18.iso.1,lineage2
site.05.subj.LS-1391.lab.LS-11094-18.iso.1,lineage2
site.05.subj.CA-1280.lab.CO-02104-19.iso.1,lineage4
site.05.subj.LS-1248.lab.MA-02662-18.iso.1,lineage4
site.05.subj.LS-1376.lab.MA-00367-19.iso.1,lineage4
site.05.subj.LR-2310.lab.FN-00724-18.iso.1,lineage4
site.05.subj.LR-3122.lab.CR-02110-16.iso.1,lineage4
site.05.subj.LS-1059.lab.MA-07079-18.iso.1,lineage2
site.05.subj.LS-1087.lab.MA-08558-18.iso.1,lineage4
site.05.subj.LR-2256.lab.FN-00607-17.iso.1,lineage4
site.14.subj.2592.lab.2592.iso.1,lineage4
site.14.subj.1877.lab.1877.iso.1,lineage4
site.14.subj.4212.lab.4212.iso.1,lineage4
site.03.subj.BOR-7013-16.lab.7013-16.iso.1,lineage4
site.03.subj.GB-82650003.lab.82650003.iso.1,lineage3
site.03.subj.GB-83360004.lab.83360004.iso.1,lineage4
site.03.subj.GB-83620041.lab.83620041.iso.1,lineage4
site.03.subj.GB-84020103.lab.84020103.iso.1,lineage3
site.03.subj.11005.lab.IML-00841.iso.1,lineage2
site.08.subj.05TB31005.lab.1778.iso.1,lineage1
site.08.subj.24TB-063.lab.2165.iso.1,lineage2
site.08.subj.DTU-079.lab.2182.iso.1,lineage4
site.08.subj.24TB00-052.lab.2347.iso.1,lineage4
site.08.subj.24TB00-043.lab.2383.iso.1,lineage4
site.08.subj.05TB13014.lab.25497.iso.1,lineage4
site.08.subj.05TB11077.lab.25651.iso.1,lineage2
site.08.subj.05TB22101.lab.26908.iso.1,lineage2
site.06.subj.06TB_0482.lab.06MIL1160.iso.1,lineage4
site.06.subj.DJB39.lab.06MIL1517.iso.1,lineage4
site.06.subj.06TB_0642.lab.06MIL1526.iso.1,lineage4
site.06.subj.N171.lab.06MIL1573.iso.1,lineage4
site.06.subj.06TB_0856.lab.06MIL1804.iso.1,lineage4
site.06.subj.PIMS_0035-14.lab.06MIL0209.iso.1,lineage3;lineage6
site.03.subj.T7017.lab.IML-00111.iso.1,lineage4
site.03.subj.T8694.lab.IML00165.iso.1,lineage2
site.03.subj.T4683.lab.IML-00063.iso.1,lineage2
site.08.subj.02TB2284.lab.26193.iso.1,lineage2
site.08.subj.02TB2586.lab.27067.iso.1,lineage4
site.08.subj.02TB2813.lab.26728.iso.1,lineage2
site.03.subj.10482.lab.IML-00974.iso.1,lineage2
site.06.subj.IR9.lab.06MIL1833.iso.1,lineage4
site.06.subj.IR13.lab.06MIL1837.iso.1,lineage2
site.03.subj.T901.lab.IML-00007.iso.1,lineage2
site.03.subj.DR-153.lab.IML-01124.iso.1,lineage2
site.03.subj.DR-284.lab.IML-01189.iso.1,lineage2
site.03.subj.DR-314.lab.IML-01198.iso.1,lineage2
site.03.subj.GB-90150034.lab.IML-01991.iso.1,lineage4
site.03.subj.BOR-19000036.lab.IML-01771.iso.1,lineage2
site.03.subj.GB-90550076.lab.IML-01902.iso.1,lineage4
site.08.subj.02TB0159.lab.17585.iso.1,lineage2
site.08.subj.02TB0688.lab.18608.iso.1,lineage2
site.08.subj.02TB1470.lab.20004.iso.1,lineage2
site.08.subj.02TB1449.lab.20321.iso.1,lineage2
site.08.subj.02TB1463.lab.20520.iso.1,lineage2
site.08.subj.02TB1964.lab.21555.iso.1,lineage2
site.08.subj.02TB1944.lab.21701.iso.1,lineage2
site.10.subj.YA00044192.lab.YA00044192.iso.1,lineage4
site.10.subj.YA00047753.lab.YA00047753.iso.1,lineage2
site.10.subj.YA00058302.lab.YA00058302.iso.1,lineage4
site.10.subj.YA00089297.lab.YA00089297.iso.1,lineage4
site.10.subj.WB00391041.lab.WB00391041.iso.1,lineage2
site.10.subj.YA00104934.lab.YA00104934.iso.1,lineage4
site.10.subj.LD02764958.lab.LD02764958.iso.1,lineage4
site.10.subj.XD01024123.lab.XD01024123.iso.1,lineage2
site.10.subj.VB00021625.lab.VB00021625.iso.1,lineage4
site.10.subj.YA00027951.lab.YA00027951.iso.1,lineage4
site.10.subj.YA00129430.lab.YA00129430.iso.1,lineage2
site.06.subj.13400.lab.06MIL2024.iso.1,lineage4
site.06.subj.13415.lab.06MIL2160.iso.1,lineage4
site.06.subj.14028.lab.06MIL2239.iso.1,lineage4
site.20.subj.SA00657399.lab.YA00133022.iso.1,lineage2
site.20.subj.SCH8339513.lab.YA00134596.iso.1,lineage2
site.10.subj.TD02649443.lab.TD02649443.iso.1,lineage2
site.10.subj.YA00125857.lab.YA00125857.iso.1,lineage2
site.10.subj.YA00126401.lab.YA00126401.iso.1,lineage4
site.20.subj.SCH7862207.lab.YA00131191.iso.1,lineage4
site.20.subj.SA01662082.lab.YA00131218.iso.1,lineage4
