query_accession	run_accession	sample_accession	fastq_url
PRJEB7727	ERR550942	SAMEA2533579	https://ftp.sra.ebi.ac.uk/vol1/fastq/ERR550/ERR550942/ERR550942_1.fastq.gz
PRJEB7727	ERR550942	SAMEA2533579	https://ftp.sra.ebi.ac.uk/vol1/fastq/ERR550/ERR550942/ERR550942_2.fastq.gz
PRJEB7727	ERR550994	SAMEA2533617	https://ftp.sra.ebi.ac.uk/vol1/fastq/ERR550/ERR550994/ERR550994_1.fastq.gz
PRJEB7727	ERR550994	SAMEA2533617	https://ftp.sra.ebi.ac.uk/vol1/fastq/ERR550/ERR550994/ERR550994_2.fastq.gz
PRJEB7727	ERR551070	SAMEA2533674	https://ftp.sra.ebi.ac.uk/vol1/fastq/ERR551/ERR551070/ERR551070_1.fastq.gz
PRJEB7727	ERR551070	SAMEA2533674	https://ftp.sra.ebi.ac.uk/vol1/fastq/ERR551/ERR551070/ERR551070_2.fastq.gz
PRJEB7727	ERR551101	SAMEA2533702	https://ftp.sra.ebi.ac.uk/vol1/fastq/ERR551/ERR551101/ERR551101_1.fastq.gz
PRJEB7727	ERR551101	SAMEA2533702	https://ftp.sra.ebi.ac.uk/vol1/fastq/ERR551/ERR551101/ERR551101_2.fastq.gz
PRJEB7727	ERR551102	SAMEA2533702	https://ftp.sra.ebi.ac.uk/vol1/fastq/ERR551/ERR551102/ERR551102_1.fastq.gz
PRJEB7727	ERR551102	SAMEA2533702	https://ftp.sra.ebi.ac.uk/vol1/fastq/ERR551/ERR551102/ERR551102_2.fastq.gz
PRJEB7727	ERR551175	SAMEA2533753	https://ftp.sra.ebi.ac.uk/vol1/fastq/ERR551/ERR551175/ERR551175_1.fastq.gz
PRJEB7727	ERR551175	SAMEA2533753	https://ftp.sra.ebi.ac.uk/vol1/fastq/ERR551/ERR551175/ERR551175_2.fastq.gz
PRJEB7727	ERR551176	SAMEA2533753	https://ftp.sra.ebi.ac.uk/vol1/fastq/ERR551/ERR551176/ERR551176_1.fastq.gz
PRJEB7727	ERR551176	SAMEA2533753	https://ftp.sra.ebi.ac.uk/vol1/fastq/ERR551/ERR551176/ERR551176_2.fastq.gz
PRJEB7727	ERR551193	SAMEA2533765	https://ftp.sra.ebi.ac.uk/vol1/fastq/ERR551/ERR551193/ERR551193_1.fastq.gz
PRJEB7727	ERR551193	SAMEA2533765	https://ftp.sra.ebi.ac.uk/vol1/fastq/ERR551/ERR551193/ERR551193_2.fastq.gz
PRJEB7727	ERR551336	SAMEA2533865	https://ftp.sra.ebi.ac.uk/vol1/fastq/ERR551/ERR551336/ERR551336_1.fastq.gz
PRJEB7727	ERR551336	SAMEA2533865	https://ftp.sra.ebi.ac.uk/vol1/fastq/ERR551/ERR551336/ERR551336_2.fastq.gz
PRJEB7727	ERR551568	SAMEA2534034	https://ftp.sra.ebi.ac.uk/vol1/fastq/ERR551/ERR551568/ERR551568_1.fastq.gz
PRJEB7727	ERR551568	SAMEA2534034	https://ftp.sra.ebi.ac.uk/vol1/fastq/ERR551/ERR551568/ERR551568_2.fastq.gz
PRJEB7727	ERR551725	SAMEA2534148	https://ftp.sra.ebi.ac.uk/vol1/fastq/ERR551/ERR551725/ERR551725_1.fastq.gz
PRJEB7727	ERR551725	SAMEA2534148	https://ftp.sra.ebi.ac.uk/vol1/fastq/ERR551/ERR551725/ERR551725_2.fastq.gz
PRJEB7727	ERR551848	SAMEA2534237	https://ftp.sra.ebi.ac.uk/vol1/fastq/ERR551/ERR551848/ERR551848_1.fastq.gz
PRJEB7727	ERR551848	SAMEA2534237	https://ftp.sra.ebi.ac.uk/vol1/fastq/ERR551/ERR551848/ERR551848_2.fastq.gz
PRJEB7727	ERR551857	SAMEA2534243	https://ftp.sra.ebi.ac.uk/vol1/fastq/ERR551/ERR551857/ERR551857_1.fastq.gz
PRJEB7727	ERR551857	SAMEA2534243	https://ftp.sra.ebi.ac.uk/vol1/fastq/ERR551/ERR551857/ERR551857_2.fastq.gz
PRJEB7727	ERR551915	SAMEA2534287	https://ftp.sra.ebi.ac.uk/vol1/fastq/ERR551/ERR551915/ERR551915_1.fastq.gz
PRJEB7727	ERR551915	SAMEA2534287	https://ftp.sra.ebi.ac.uk/vol1/fastq/ERR551/ERR551915/ERR551915_2.fastq.gz
PRJEB7727	ERR552082	SAMEA2534401	https://ftp.sra.ebi.ac.uk/vol1/fastq/ERR552/ERR552082/ERR552082_1.fastq.gz
PRJEB7727	ERR552082	SAMEA2534401	https://ftp.sra.ebi.ac.uk/vol1/fastq/ERR552/ERR552082/ERR552082_2.fastq.gz
PRJEB7727	ERR552117	SAMEA2534424	https://ftp.sra.ebi.ac.uk/vol1/fastq/ERR552/ERR552117/ERR552117_1.fastq.gz
PRJEB7727	ERR552117	SAMEA2534424	https://ftp.sra.ebi.ac.uk/vol1/fastq/ERR552/ERR552117/ERR552117_2.fastq.gz
PRJEB7727	ERR552267	SAMEA2534527	https://ftp.sra.ebi.ac.uk/vol1/fastq/ERR552/ERR552267/ERR552267_1.fastq.gz
PRJEB7727	ERR552267	SAMEA2534527	https://ftp.sra.ebi.ac.uk/vol1/fastq/ERR552/ERR552267/ERR552267_2.fastq.gz
PRJEB7727	ERR552282	SAMEA2534540	https://ftp.sra.ebi.ac.uk/vol1/fastq/ERR552/ERR552282/ERR552282_1.fastq.gz
PRJEB7727	ERR552282	SAMEA2534540	https://ftp.sra.ebi.ac.uk/vol1/fastq/ERR552/ERR552282/ERR552282_2.fastq.gz
PRJEB7727	ERR552308	SAMEA2534557	https://ftp.sra.ebi.ac.uk/vol1/fastq/ERR552/ERR552308/ERR552308_1.fastq.gz
PRJEB7727	ERR552308	SAMEA2534557	https://ftp.sra.ebi.ac.uk/vol1/fastq/ERR552/ERR552308/ERR552308_2.fastq.gz
PRJEB7727	ERR552427	SAMEA2534641	https://ftp.sra.ebi.ac.uk/vol1/fastq/ERR552/ERR552427/ERR552427_1.fastq.gz
PRJEB7727	ERR552427	SAMEA2534641	https://ftp.sra.ebi.ac.uk/vol1/fastq/ERR552/ERR552427/ERR552427_2.fastq.gz
PRJEB7727	ERR552647	SAMEA2534794	https://ftp.sra.ebi.ac.uk/vol1/fastq/ERR552/ERR552647/ERR552647_1.fastq.gz
PRJEB7727	ERR552647	SAMEA2534794	https://ftp.sra.ebi.ac.uk/vol1/fastq/ERR552/ERR552647/ERR552647_2.fastq.gz
PRJEB7727	ERR552662	SAMEA2534807	https://ftp.sra.ebi.ac.uk/vol1/fastq/ERR552/ERR552662/ERR552662_1.fastq.gz
PRJEB7727	ERR552662	SAMEA2534807	https://ftp.sra.ebi.ac.uk/vol1/fastq/ERR552/ERR552662/ERR552662_2.fastq.gz
PRJEB7727	ERR552707	SAMEA2534839	https://ftp.sra.ebi.ac.uk/vol1/fastq/ERR552/ERR552707/ERR552707_1.fastq.gz
PRJEB7727	ERR552707	SAMEA2534839	https://ftp.sra.ebi.ac.uk/vol1/fastq/ERR552/ERR552707/ERR552707_2.fastq.gz
PRJEB7727	ERR552729	SAMEA2534857	https://ftp.sra.ebi.ac.uk/vol1/fastq/ERR552/ERR552729/ERR552729_1.fastq.gz
PRJEB7727	ERR552729	SAMEA2534857	https://ftp.sra.ebi.ac.uk/vol1/fastq/ERR552/ERR552729/ERR552729_2.fastq.gz
PRJEB7727	ERR552799	SAMEA2534913	https://ftp.sra.ebi.ac.uk/vol1/fastq/ERR552/ERR552799/ERR552799_1.fastq.gz
PRJEB7727	ERR552799	SAMEA2534913	https://ftp.sra.ebi.ac.uk/vol1/fastq/ERR552/ERR552799/ERR552799_2.fastq.gz
PRJEB7727	ERR552800	SAMEA2534913	https://ftp.sra.ebi.ac.uk/vol1/fastq/ERR552/ERR552800/ERR552800_1.fastq.gz
PRJEB7727	ERR552800	SAMEA2534913	https://ftp.sra.ebi.ac.uk/vol1/fastq/ERR552/ERR552800/ERR552800_2.fastq.gz
PRJEB7727	ERR552836	SAMEA2534939	https://ftp.sra.ebi.ac.uk/vol1/fastq/ERR552/ERR552836/ERR552836_1.fastq.gz
PRJEB7727	ERR552836	SAMEA2534939	https://ftp.sra.ebi.ac.uk/vol1/fastq/ERR552/ERR552836/ERR552836_2.fastq.gz
PRJEB7727	ERR552879	SAMEA2534975	https://ftp.sra.ebi.ac.uk/vol1/fastq/ERR552/ERR552879/ERR552879_1.fastq.gz
PRJEB7727	ERR552879	SAMEA2534975	https://ftp.sra.ebi.ac.uk/vol1/fastq/ERR552/ERR552879/ERR552879_2.fastq.gz
PRJEB7727	ERR552935	SAMEA2535012	https://ftp.sra.ebi.ac.uk/vol1/fastq/ERR552/ERR552935/ERR552935_1.fastq.gz
PRJEB7727	ERR552935	SAMEA2535012	https://ftp.sra.ebi.ac.uk/vol1/fastq/ERR552/ERR552935/ERR552935_2.fastq.gz
PRJEB7727	ERR553000	SAMEA2535059	https://ftp.sra.ebi.ac.uk/vol1/fastq/ERR553/ERR553000/ERR553000_1.fastq.gz
PRJEB7727	ERR553000	SAMEA2535059	https://ftp.sra.ebi.ac.uk/vol1/fastq/ERR553/ERR553000/ERR553000_2.fastq.gz
PRJEB7727	ERR553009	SAMEA2535067	https://ftp.sra.ebi.ac.uk/vol1/fastq/ERR553/ERR553009/ERR553009_1.fastq.gz
PRJEB7727	ERR553009	SAMEA2535067	https://ftp.sra.ebi.ac.uk/vol1/fastq/ERR553/ERR553009/ERR553009_2.fastq.gz
PRJEB7727	ERR553031	SAMEA2535082	https://ftp.sra.ebi.ac.uk/vol1/fastq/ERR553/ERR553031/ERR553031_1.fastq.gz
PRJEB7727	ERR553031	SAMEA2535082	https://ftp.sra.ebi.ac.uk/vol1/fastq/ERR553/ERR553031/ERR553031_2.fastq.gz
PRJEB7727	ERR553032	SAMEA2535082	https://ftp.sra.ebi.ac.uk/vol1/fastq/ERR553/ERR553032/ERR553032_1.fastq.gz
PRJEB7727	ERR553032	SAMEA2535082	https://ftp.sra.ebi.ac.uk/vol1/fastq/ERR553/ERR553032/ERR553032_2.fastq.gz
PRJEB7727	ERR553045	SAMEA2535095	https://ftp.sra.ebi.ac.uk/vol1/fastq/ERR553/ERR553045/ERR553045_1.fastq.gz
PRJEB7727	ERR553045	SAMEA2535095	https://ftp.sra.ebi.ac.uk/vol1/fastq/ERR553/ERR553045/ERR553045_2.fastq.gz
PRJEB7727	ERR553047	SAMEA2535095	https://ftp.sra.ebi.ac.uk/vol1/fastq/ERR553/ERR553047/ERR553047_1.fastq.gz
PRJEB7727	ERR553047	SAMEA2535095	https://ftp.sra.ebi.ac.uk/vol1/fastq/ERR553/ERR553047/ERR553047_2.fastq.gz
PRJEB7727	ERR553131	SAMEA2535158	https://ftp.sra.ebi.ac.uk/vol1/fastq/ERR553/ERR553131/ERR553131_1.fastq.gz
PRJEB7727	ERR553131	SAMEA2535158	https://ftp.sra.ebi.ac.uk/vol1/fastq/ERR553/ERR553131/ERR553131_2.fastq.gz
PRJEB7727	ERR553145	SAMEA2535171	https://ftp.sra.ebi.ac.uk/vol1/fastq/ERR553/ERR553145/ERR553145_1.fastq.gz
PRJEB7727	ERR553145	SAMEA2535171	https://ftp.sra.ebi.ac.uk/vol1/fastq/ERR553/ERR553145/ERR553145_2.fastq.gz
PRJEB7727	ERR553314	SAMEA2535299	https://ftp.sra.ebi.ac.uk/vol1/fastq/ERR553/ERR553314/ERR553314_1.fastq.gz
PRJEB7727	ERR553314	SAMEA2535299	https://ftp.sra.ebi.ac.uk/vol1/fastq/ERR553/ERR553314/ERR553314_2.fastq.gz
PRJEB7727	ERR553347	SAMEA2535325	https://ftp.sra.ebi.ac.uk/vol1/fastq/ERR553/ERR553347/ERR553347_1.fastq.gz
PRJEB7727	ERR553347	SAMEA2535325	https://ftp.sra.ebi.ac.uk/vol1/fastq/ERR553/ERR553347/ERR553347_2.fastq.gz
PRJEB7727	ERR553369	SAMEA2535342	https://ftp.sra.ebi.ac.uk/vol1/fastq/ERR553/ERR553369/ERR553369_1.fastq.gz
PRJEB7727	ERR553369	SAMEA2535342	https://ftp.sra.ebi.ac.uk/vol1/fastq/ERR553/ERR553369/ERR553369_2.fastq.gz
PRJEB7727	ERR553386	SAMEA2535355	https://ftp.sra.ebi.ac.uk/vol1/fastq/ERR553/ERR553386/ERR553386_1.fastq.gz
PRJEB7727	ERR553386	SAMEA2535355	https://ftp.sra.ebi.ac.uk/vol1/fastq/ERR553/ERR553386/ERR553386_2.fastq.gz
PRJEB7727	ERR550712	SAMEA2533414	https://ftp.sra.ebi.ac.uk/vol1/fastq/ERR550/ERR550712/ERR550712_1.fastq.gz
PRJEB7727	ERR550712	SAMEA2533414	https://ftp.sra.ebi.ac.uk/vol1/fastq/ERR550/ERR550712/ERR550712_2.fastq.gz
PRJEB7727	ERR550729	SAMEA2533427	https://ftp.sra.ebi.ac.uk/vol1/fastq/ERR550/ERR550729/ERR550729_1.fastq.gz
PRJEB7727	ERR550729	SAMEA2533427	https://ftp.sra.ebi.ac.uk/vol1/fastq/ERR550/ERR550729/ERR550729_2.fastq.gz
PRJEB7727	ERR550902	SAMEA2533550	https://ftp.sra.ebi.ac.uk/vol1/fastq/ERR550/ERR550902/ERR550902_1.fastq.gz
PRJEB7727	ERR550902	SAMEA2533550	https://ftp.sra.ebi.ac.uk/vol1/fastq/ERR550/ERR550902/ERR550902_2.fastq.gz
PRJEB7727	ERR550931	SAMEA2533572	https://ftp.sra.ebi.ac.uk/vol1/fastq/ERR550/ERR550931/ERR550931_1.fastq.gz
PRJEB7727	ERR550931	SAMEA2533572	https://ftp.sra.ebi.ac.uk/vol1/fastq/ERR550/ERR550931/ERR550931_2.fastq.gz
PRJEB7727	ERR550964	SAMEA2533595	https://ftp.sra.ebi.ac.uk/vol1/fastq/ERR550/ERR550964/ERR550964_1.fastq.gz
PRJEB7727	ERR550964	SAMEA2533595	https://ftp.sra.ebi.ac.uk/vol1/fastq/ERR550/ERR550964/ERR550964_2.fastq.gz
PRJEB7727	ERR551038	SAMEA2533651	https://ftp.sra.ebi.ac.uk/vol1/fastq/ERR551/ERR551038/ERR551038_1.fastq.gz
PRJEB7727	ERR551038	SAMEA2533651	https://ftp.sra.ebi.ac.uk/vol1/fastq/ERR551/ERR551038/ERR551038_2.fastq.gz
PRJEB7727	ERR551069	SAMEA2533673	https://ftp.sra.ebi.ac.uk/vol1/fastq/ERR551/ERR551069/ERR551069_1.fastq.gz
PRJEB7727	ERR551069	SAMEA2533673	https://ftp.sra.ebi.ac.uk/vol1/fastq/ERR551/ERR551069/ERR551069_2.fastq.gz
PRJEB7727	ERR551089	SAMEA2533690	https://ftp.sra.ebi.ac.uk/vol1/fastq/ERR551/ERR551089/ERR551089_1.fastq.gz
PRJEB7727	ERR551089	SAMEA2533690	https://ftp.sra.ebi.ac.uk/vol1/fastq/ERR551/ERR551089/ERR551089_2.fastq.gz
PRJEB7727	ERR551174	SAMEA2533753	https://ftp.sra.ebi.ac.uk/vol1/fastq/ERR551/ERR551174/ERR551174_1.fastq.gz
PRJEB7727	ERR551174	SAMEA2533753	https://ftp.sra.ebi.ac.uk/vol1/fastq/ERR551/ERR551174/ERR551174_2.fastq.gz
PRJEB7727	ERR551197	SAMEA2533768	https://ftp.sra.ebi.ac.uk/vol1/fastq/ERR551/ERR551197/ERR551197_1.fastq.gz
PRJEB7727	ERR551197	SAMEA2533768	https://ftp.sra.ebi.ac.uk/vol1/fastq/ERR551/ERR551197/ERR551197_2.fastq.gz
PRJEB7727	ERR551255	SAMEA2533809	https://ftp.sra.ebi.ac.uk/vol1/fastq/ERR551/ERR551255/ERR551255_1.fastq.gz
PRJEB7727	ERR551255	SAMEA2533809	https://ftp.sra.ebi.ac.uk/vol1/fastq/ERR551/ERR551255/ERR551255_2.fastq.gz
PRJEB7727	ERR551398	SAMEA2533915	https://ftp.sra.ebi.ac.uk/vol1/fastq/ERR551/ERR551398/ERR551398_1.fastq.gz
PRJEB7727	ERR551398	SAMEA2533915	https://ftp.sra.ebi.ac.uk/vol1/fastq/ERR551/ERR551398/ERR551398_2.fastq.gz
PRJEB7727	ERR551419	SAMEA2533929	https://ftp.sra.ebi.ac.uk/vol1/fastq/ERR551/ERR551419/ERR551419_1.fastq.gz
PRJEB7727	ERR551419	SAMEA2533929	https://ftp.sra.ebi.ac.uk/vol1/fastq/ERR551/ERR551419/ERR551419_2.fastq.gz
PRJEB7727	ERR551440	SAMEA2533942	https://ftp.sra.ebi.ac.uk/vol1/fastq/ERR551/ERR551440/ERR551440_1.fastq.gz
PRJEB7727	ERR551440	SAMEA2533942	https://ftp.sra.ebi.ac.uk/vol1/fastq/ERR551/ERR551440/ERR551440_2.fastq.gz
PRJEB7727	ERR551511	SAMEA2533994	https://ftp.sra.ebi.ac.uk/vol1/fastq/ERR551/ERR551511/ERR551511_1.fastq.gz
PRJEB7727	ERR551511	SAMEA2533994	https://ftp.sra.ebi.ac.uk/vol1/fastq/ERR551/ERR551511/ERR551511_2.fastq.gz
PRJEB7727	ERR551512	SAMEA2533994	https://ftp.sra.ebi.ac.uk/vol1/fastq/ERR551/ERR551512/ERR551512_1.fastq.gz
PRJEB7727	ERR551512	SAMEA2533994	https://ftp.sra.ebi.ac.uk/vol1/fastq/ERR551/ERR551512/ERR551512_2.fastq.gz
PRJEB7727	ERR551566	SAMEA2534031	https://ftp.sra.ebi.ac.uk/vol1/fastq/ERR551/ERR551566/ERR551566_1.fastq.gz
PRJEB7727	ERR551566	SAMEA2534031	https://ftp.sra.ebi.ac.uk/vol1/fastq/ERR551/ERR551566/ERR551566_2.fastq.gz
PRJEB7727	ERR551569	SAMEA2534034	https://ftp.sra.ebi.ac.uk/vol1/fastq/ERR551/ERR551569/ERR551569_1.fastq.gz
PRJEB7727	ERR551569	SAMEA2534034	https://ftp.sra.ebi.ac.uk/vol1/fastq/ERR551/ERR551569/ERR551569_2.fastq.gz
PRJEB7727	ERR551620	SAMEA2534074	https://ftp.sra.ebi.ac.uk/vol1/fastq/ERR551/ERR551620/ERR551620_1.fastq.gz
PRJEB7727	ERR551620	SAMEA2534074	https://ftp.sra.ebi.ac.uk/vol1/fastq/ERR551/ERR551620/ERR551620_2.fastq.gz
PRJEB7727	ERR551807	SAMEA2534204	https://ftp.sra.ebi.ac.uk/vol1/fastq/ERR551/ERR551807/ERR551807_1.fastq.gz
PRJEB7727	ERR551807	SAMEA2534204	https://ftp.sra.ebi.ac.uk/vol1/fastq/ERR551/ERR551807/ERR551807_2.fastq.gz
PRJEB7727	ERR551847	SAMEA2534237	https://ftp.sra.ebi.ac.uk/vol1/fastq/ERR551/ERR551847/ERR551847_1.fastq.gz
PRJEB7727	ERR551847	SAMEA2534237	https://ftp.sra.ebi.ac.uk/vol1/fastq/ERR551/ERR551847/ERR551847_2.fastq.gz
PRJEB7727	ERR552081	SAMEA2534401	https://ftp.sra.ebi.ac.uk/vol1/fastq/ERR552/ERR552081/ERR552081_1.fastq.gz
PRJEB7727	ERR552081	SAMEA2534401	https://ftp.sra.ebi.ac.uk/vol1/fastq/ERR552/ERR552081/ERR552081_2.fastq.gz
PRJEB7727	ERR552093	SAMEA2534408	https://ftp.sra.ebi.ac.uk/vol1/fastq/ERR552/ERR552093/ERR552093_1.fastq.gz
PRJEB7727	ERR552093	SAMEA2534408	https://ftp.sra.ebi.ac.uk/vol1/fastq/ERR552/ERR552093/ERR552093_2.fastq.gz
PRJEB7727	ERR552095	SAMEA2534409	https://ftp.sra.ebi.ac.uk/vol1/fastq/ERR552/ERR552095/ERR552095_1.fastq.gz
PRJEB7727	ERR552095	SAMEA2534409	https://ftp.sra.ebi.ac.uk/vol1/fastq/ERR552/ERR552095/ERR552095_2.fastq.gz
PRJEB7727	ERR552125	SAMEA2534429	https://ftp.sra.ebi.ac.uk/vol1/fastq/ERR552/ERR552125/ERR552125_1.fastq.gz
PRJEB7727	ERR552125	SAMEA2534429	https://ftp.sra.ebi.ac.uk/vol1/fastq/ERR552/ERR552125/ERR552125_2.fastq.gz
PRJEB7727	ERR552132	SAMEA2534435	https://ftp.sra.ebi.ac.uk/vol1/fastq/ERR552/ERR552132/ERR552132_1.fastq.gz
PRJEB7727	ERR552132	SAMEA2534435	https://ftp.sra.ebi.ac.uk/vol1/fastq/ERR552/ERR552132/ERR552132_2.fastq.gz
PRJEB7727	ERR552159	SAMEA2534452	https://ftp.sra.ebi.ac.uk/vol1/fastq/ERR552/ERR552159/ERR552159_1.fastq.gz
PRJEB7727	ERR552159	SAMEA2534452	https://ftp.sra.ebi.ac.uk/vol1/fastq/ERR552/ERR552159/ERR552159_2.fastq.gz
PRJEB7727	ERR552246	SAMEA2534512	https://ftp.sra.ebi.ac.uk/vol1/fastq/ERR552/ERR552246/ERR552246_1.fastq.gz
PRJEB7727	ERR552246	SAMEA2534512	https://ftp.sra.ebi.ac.uk/vol1/fastq/ERR552/ERR552246/ERR552246_2.fastq.gz
PRJEB7727	ERR552247	SAMEA2534512	https://ftp.sra.ebi.ac.uk/vol1/fastq/ERR552/ERR552247/ERR552247_1.fastq.gz
PRJEB7727	ERR552247	SAMEA2534512	https://ftp.sra.ebi.ac.uk/vol1/fastq/ERR552/ERR552247/ERR552247_2.fastq.gz
PRJEB7727	ERR552259	SAMEA2534521	https://ftp.sra.ebi.ac.uk/vol1/fastq/ERR552/ERR552259/ERR552259_1.fastq.gz
PRJEB7727	ERR552259	SAMEA2534521	https://ftp.sra.ebi.ac.uk/vol1/fastq/ERR552/ERR552259/ERR552259_2.fastq.gz
PRJEB7727	ERR552261	SAMEA2534522	https://ftp.sra.ebi.ac.uk/vol1/fastq/ERR552/ERR552261/ERR552261_1.fastq.gz
PRJEB7727	ERR552261	SAMEA2534522	https://ftp.sra.ebi.ac.uk/vol1/fastq/ERR552/ERR552261/ERR552261_2.fastq.gz
PRJEB7727	ERR552281	SAMEA2534540	https://ftp.sra.ebi.ac.uk/vol1/fastq/ERR552/ERR552281/ERR552281_1.fastq.gz
PRJEB7727	ERR552281	SAMEA2534540	https://ftp.sra.ebi.ac.uk/vol1/fastq/ERR552/ERR552281/ERR552281_2.fastq.gz
PRJEB7727	ERR552309	SAMEA2534557	https://ftp.sra.ebi.ac.uk/vol1/fastq/ERR552/ERR552309/ERR552309_1.fastq.gz
PRJEB7727	ERR552309	SAMEA2534557	https://ftp.sra.ebi.ac.uk/vol1/fastq/ERR552/ERR552309/ERR552309_2.fastq.gz
PRJEB7727	ERR552310	SAMEA2534557	https://ftp.sra.ebi.ac.uk/vol1/fastq/ERR552/ERR552310/ERR552310_1.fastq.gz
PRJEB7727	ERR552310	SAMEA2534557	https://ftp.sra.ebi.ac.uk/vol1/fastq/ERR552/ERR552310/ERR552310_2.fastq.gz
PRJEB7727	ERR552411	SAMEA2534632	https://ftp.sra.ebi.ac.uk/vol1/fastq/ERR552/ERR552411/ERR552411_1.fastq.gz
PRJEB7727	ERR552411	SAMEA2534632	https://ftp.sra.ebi.ac.uk/vol1/fastq/ERR552/ERR552411/ERR552411_2.fastq.gz
PRJEB7727	ERR552521	SAMEA2534705	https://ftp.sra.ebi.ac.uk/vol1/fastq/ERR552/ERR552521/ERR552521_1.fastq.gz
PRJEB7727	ERR552521	SAMEA2534705	https://ftp.sra.ebi.ac.uk/vol1/fastq/ERR552/ERR552521/ERR552521_2.fastq.gz
PRJEB7727	ERR552658	SAMEA2534802	https://ftp.sra.ebi.ac.uk/vol1/fastq/ERR552/ERR552658/ERR552658_1.fastq.gz
PRJEB7727	ERR552658	SAMEA2534802	https://ftp.sra.ebi.ac.uk/vol1/fastq/ERR552/ERR552658/ERR552658_2.fastq.gz
PRJEB7727	ERR552728	SAMEA2534856	https://ftp.sra.ebi.ac.uk/vol1/fastq/ERR552/ERR552728/ERR552728_1.fastq.gz
PRJEB7727	ERR552728	SAMEA2534856	https://ftp.sra.ebi.ac.uk/vol1/fastq/ERR552/ERR552728/ERR552728_2.fastq.gz
PRJEB7727	ERR552853	SAMEA2534954	https://ftp.sra.ebi.ac.uk/vol1/fastq/ERR552/ERR552853/ERR552853_1.fastq.gz
PRJEB7727	ERR552853	SAMEA2534954	https://ftp.sra.ebi.ac.uk/vol1/fastq/ERR552/ERR552853/ERR552853_2.fastq.gz
PRJEB7727	ERR552921	SAMEA2535001	https://ftp.sra.ebi.ac.uk/vol1/fastq/ERR552/ERR552921/ERR552921_1.fastq.gz
PRJEB7727	ERR552921	SAMEA2535001	https://ftp.sra.ebi.ac.uk/vol1/fastq/ERR552/ERR552921/ERR552921_2.fastq.gz
PRJEB7727	ERR552930	SAMEA2535009	https://ftp.sra.ebi.ac.uk/vol1/fastq/ERR552/ERR552930/ERR552930_1.fastq.gz
PRJEB7727	ERR552930	SAMEA2535009	https://ftp.sra.ebi.ac.uk/vol1/fastq/ERR552/ERR552930/ERR552930_2.fastq.gz
PRJEB7727	ERR553024	SAMEA2535078	https://ftp.sra.ebi.ac.uk/vol1/fastq/ERR553/ERR553024/ERR553024_1.fastq.gz
PRJEB7727	ERR553024	SAMEA2535078	https://ftp.sra.ebi.ac.uk/vol1/fastq/ERR553/ERR553024/ERR553024_2.fastq.gz
PRJEB7727	ERR553037	SAMEA2535087	https://ftp.sra.ebi.ac.uk/vol1/fastq/ERR553/ERR553037/ERR553037_1.fastq.gz
PRJEB7727	ERR553037	SAMEA2535087	https://ftp.sra.ebi.ac.uk/vol1/fastq/ERR553/ERR553037/ERR553037_2.fastq.gz
PRJEB7727	ERR553046	SAMEA2535095	https://ftp.sra.ebi.ac.uk/vol1/fastq/ERR553/ERR553046/ERR553046_1.fastq.gz
PRJEB7727	ERR553046	SAMEA2535095	https://ftp.sra.ebi.ac.uk/vol1/fastq/ERR553/ERR553046/ERR553046_2.fastq.gz
PRJEB7727	ERR553130	SAMEA2535158	https://ftp.sra.ebi.ac.uk/vol1/fastq/ERR553/ERR553130/ERR553130_1.fastq.gz
PRJEB7727	ERR553130	SAMEA2535158	https://ftp.sra.ebi.ac.uk/vol1/fastq/ERR553/ERR553130/ERR553130_2.fastq.gz
PRJEB7727	ERR553132	SAMEA2535160	https://ftp.sra.ebi.ac.uk/vol1/fastq/ERR553/ERR553132/ERR553132_1.fastq.gz
PRJEB7727	ERR553132	SAMEA2535160	https://ftp.sra.ebi.ac.uk/vol1/fastq/ERR553/ERR553132/ERR553132_2.fastq.gz
PRJEB7727	ERR553165	SAMEA2535186	https://ftp.sra.ebi.ac.uk/vol1/fastq/ERR553/ERR553165/ERR553165_1.fastq.gz
PRJEB7727	ERR553165	SAMEA2535186	https://ftp.sra.ebi.ac.uk/vol1/fastq/ERR553/ERR553165/ERR553165_2.fastq.gz
PRJEB7727	ERR553211	SAMEA2535215	https://ftp.sra.ebi.ac.uk/vol1/fastq/ERR553/ERR553211/ERR553211_1.fastq.gz
PRJEB7727	ERR553211	SAMEA2535215	https://ftp.sra.ebi.ac.uk/vol1/fastq/ERR553/ERR553211/ERR553211_2.fastq.gz
PRJEB7727	ERR553212	SAMEA2535215	https://ftp.sra.ebi.ac.uk/vol1/fastq/ERR553/ERR553212/ERR553212_1.fastq.gz
PRJEB7727	ERR553212	SAMEA2535215	https://ftp.sra.ebi.ac.uk/vol1/fastq/ERR553/ERR553212/ERR553212_2.fastq.gz
PRJEB7727	ERR553226	SAMEA2535225	https://ftp.sra.ebi.ac.uk/vol1/fastq/ERR553/ERR553226/ERR553226_1.fastq.gz
PRJEB7727	ERR553226	SAMEA2535225	https://ftp.sra.ebi.ac.uk/vol1/fastq/ERR553/ERR553226/ERR553226_2.fastq.gz
PRJEB7727	ERR553228	SAMEA2535227	https://ftp.sra.ebi.ac.uk/vol1/fastq/ERR553/ERR553228/ERR553228_1.fastq.gz
PRJEB7727	ERR553228	SAMEA2535227	https://ftp.sra.ebi.ac.uk/vol1/fastq/ERR553/ERR553228/ERR553228_2.fastq.gz
PRJEB7727	ERR553286	SAMEA2535275	https://ftp.sra.ebi.ac.uk/vol1/fastq/ERR553/ERR553286/ERR553286_1.fastq.gz
PRJEB7727	ERR553286	SAMEA2535275	https://ftp.sra.ebi.ac.uk/vol1/fastq/ERR553/ERR553286/ERR553286_2.fastq.gz
PRJEB7727	ERR550634	SAMEA2533356	https://ftp.sra.ebi.ac.uk/vol1/fastq/ERR550/ERR550634/ERR550634_1.fastq.gz
PRJEB7727	ERR550634	SAMEA2533356	https://ftp.sra.ebi.ac.uk/vol1/fastq/ERR550/ERR550634/ERR550634_2.fastq.gz
PRJEB7727	ERR550665	SAMEA2533376	https://ftp.sra.ebi.ac.uk/vol1/fastq/ERR550/ERR550665/ERR550665_1.fastq.gz
PRJEB7727	ERR550665	SAMEA2533376	https://ftp.sra.ebi.ac.uk/vol1/fastq/ERR550/ERR550665/ERR550665_2.fastq.gz
PRJEB7727	ERR550831	SAMEA2533504	https://ftp.sra.ebi.ac.uk/vol1/fastq/ERR550/ERR550831/ERR550831_1.fastq.gz
PRJEB7727	ERR550831	SAMEA2533504	https://ftp.sra.ebi.ac.uk/vol1/fastq/ERR550/ERR550831/ERR550831_2.fastq.gz
PRJEB7727	ERR550832	SAMEA2533504	https://ftp.sra.ebi.ac.uk/vol1/fastq/ERR550/ERR550832/ERR550832_1.fastq.gz
PRJEB7727	ERR550832	SAMEA2533504	https://ftp.sra.ebi.ac.uk/vol1/fastq/ERR550/ERR550832/ERR550832_2.fastq.gz
PRJEB7727	ERR550901	SAMEA2533550	https://ftp.sra.ebi.ac.uk/vol1/fastq/ERR550/ERR550901/ERR550901_1.fastq.gz
PRJEB7727	ERR550901	SAMEA2533550	https://ftp.sra.ebi.ac.uk/vol1/fastq/ERR550/ERR550901/ERR550901_2.fastq.gz
PRJEB7727	ERR550962	SAMEA2533595	https://ftp.sra.ebi.ac.uk/vol1/fastq/ERR550/ERR550962/ERR550962_1.fastq.gz
PRJEB7727	ERR550962	SAMEA2533595	https://ftp.sra.ebi.ac.uk/vol1/fastq/ERR550/ERR550962/ERR550962_2.fastq.gz
PRJEB7727	ERR550963	SAMEA2533595	https://ftp.sra.ebi.ac.uk/vol1/fastq/ERR550/ERR550963/ERR550963_1.fastq.gz
PRJEB7727	ERR550963	SAMEA2533595	https://ftp.sra.ebi.ac.uk/vol1/fastq/ERR550/ERR550963/ERR550963_2.fastq.gz
PRJEB7727	ERR551067	SAMEA2533673	https://ftp.sra.ebi.ac.uk/vol1/fastq/ERR551/ERR551067/ERR551067_1.fastq.gz
PRJEB7727	ERR551067	SAMEA2533673	https://ftp.sra.ebi.ac.uk/vol1/fastq/ERR551/ERR551067/ERR551067_2.fastq.gz
PRJEB7727	ERR551068	SAMEA2533673	https://ftp.sra.ebi.ac.uk/vol1/fastq/ERR551/ERR551068/ERR551068_1.fastq.gz
PRJEB7727	ERR551068	SAMEA2533673	https://ftp.sra.ebi.ac.uk/vol1/fastq/ERR551/ERR551068/ERR551068_2.fastq.gz
PRJEB7727	ERR551118	SAMEA2533713	https://ftp.sra.ebi.ac.uk/vol1/fastq/ERR551/ERR551118/ERR551118_1.fastq.gz
PRJEB7727	ERR551118	SAMEA2533713	https://ftp.sra.ebi.ac.uk/vol1/fastq/ERR551/ERR551118/ERR551118_2.fastq.gz
PRJEB7727	ERR551126	SAMEA2533720	https://ftp.sra.ebi.ac.uk/vol1/fastq/ERR551/ERR551126/ERR551126_1.fastq.gz
PRJEB7727	ERR551126	SAMEA2533720	https://ftp.sra.ebi.ac.uk/vol1/fastq/ERR551/ERR551126/ERR551126_2.fastq.gz
PRJEB7727	ERR551192	SAMEA2533765	https://ftp.sra.ebi.ac.uk/vol1/fastq/ERR551/ERR551192/ERR551192_1.fastq.gz
PRJEB7727	ERR551192	SAMEA2533765	https://ftp.sra.ebi.ac.uk/vol1/fastq/ERR551/ERR551192/ERR551192_2.fastq.gz
PRJEB7727	ERR551254	SAMEA2533809	https://ftp.sra.ebi.ac.uk/vol1/fastq/ERR551/ERR551254/ERR551254_1.fastq.gz
PRJEB7727	ERR551254	SAMEA2533809	https://ftp.sra.ebi.ac.uk/vol1/fastq/ERR551/ERR551254/ERR551254_2.fastq.gz
PRJEB7727	ERR551399	SAMEA2533915	https://ftp.sra.ebi.ac.uk/vol1/fastq/ERR551/ERR551399/ERR551399_1.fastq.gz
PRJEB7727	ERR551399	SAMEA2533915	https://ftp.sra.ebi.ac.uk/vol1/fastq/ERR551/ERR551399/ERR551399_2.fastq.gz
PRJEB7727	ERR551438	SAMEA2533942	https://ftp.sra.ebi.ac.uk/vol1/fastq/ERR551/ERR551438/ERR551438_1.fastq.gz
PRJEB7727	ERR551438	SAMEA2533942	https://ftp.sra.ebi.ac.uk/vol1/fastq/ERR551/ERR551438/ERR551438_2.fastq.gz
PRJEB7727	ERR551439	SAMEA2533942	https://ftp.sra.ebi.ac.uk/vol1/fastq/ERR551/ERR551439/ERR551439_1.fastq.gz
PRJEB7727	ERR551439	SAMEA2533942	https://ftp.sra.ebi.ac.uk/vol1/fastq/ERR551/ERR551439/ERR551439_2.fastq.gz
PRJEB7727	ERR551513	SAMEA2533994	https://ftp.sra.ebi.ac.uk/vol1/fastq/ERR551/ERR551513/ERR551513_1.fastq.gz
PRJEB7727	ERR551513	SAMEA2533994	https://ftp.sra.ebi.ac.uk/vol1/fastq/ERR551/ERR551513/ERR551513_2.fastq.gz
PRJEB7727	ERR551550	SAMEA2534021	https://ftp.sra.ebi.ac.uk/vol1/fastq/ERR551/ERR551550/ERR551550_1.fastq.gz
PRJEB7727	ERR551550	SAMEA2534021	https://ftp.sra.ebi.ac.uk/vol1/fastq/ERR551/ERR551550/ERR551550_2.fastq.gz
PRJEB7727	ERR551551	SAMEA2534021	https://ftp.sra.ebi.ac.uk/vol1/fastq/ERR551/ERR551551/ERR551551_1.fastq.gz
PRJEB7727	ERR551551	SAMEA2534021	https://ftp.sra.ebi.ac.uk/vol1/fastq/ERR551/ERR551551/ERR551551_2.fastq.gz
PRJEB7727	ERR551924	SAMEA2534293	https://ftp.sra.ebi.ac.uk/vol1/fastq/ERR551/ERR551924/ERR551924_1.fastq.gz
PRJEB7727	ERR551924	SAMEA2534293	https://ftp.sra.ebi.ac.uk/vol1/fastq/ERR551/ERR551924/ERR551924_2.fastq.gz
PRJEB7727	ERR551998	SAMEA2534340	https://ftp.sra.ebi.ac.uk/vol1/fastq/ERR551/ERR551998/ERR551998_1.fastq.gz
PRJEB7727	ERR551998	SAMEA2534340	https://ftp.sra.ebi.ac.uk/vol1/fastq/ERR551/ERR551998/ERR551998_2.fastq.gz
PRJEB7727	ERR552094	SAMEA2534408	https://ftp.sra.ebi.ac.uk/vol1/fastq/ERR552/ERR552094/ERR552094_1.fastq.gz
PRJEB7727	ERR552094	SAMEA2534408	https://ftp.sra.ebi.ac.uk/vol1/fastq/ERR552/ERR552094/ERR552094_2.fastq.gz
PRJEB7727	ERR552116	SAMEA2534424	https://ftp.sra.ebi.ac.uk/vol1/fastq/ERR552/ERR552116/ERR552116_1.fastq.gz
PRJEB7727	ERR552116	SAMEA2534424	https://ftp.sra.ebi.ac.uk/vol1/fastq/ERR552/ERR552116/ERR552116_2.fastq.gz
PRJEB7727	ERR552160	SAMEA2534452	https://ftp.sra.ebi.ac.uk/vol1/fastq/ERR552/ERR552160/ERR552160_1.fastq.gz
PRJEB7727	ERR552160	SAMEA2534452	https://ftp.sra.ebi.ac.uk/vol1/fastq/ERR552/ERR552160/ERR552160_2.fastq.gz
PRJEB7727	ERR552161	SAMEA2534453	https://ftp.sra.ebi.ac.uk/vol1/fastq/ERR552/ERR552161/ERR552161_1.fastq.gz
PRJEB7727	ERR552161	SAMEA2534453	https://ftp.sra.ebi.ac.uk/vol1/fastq/ERR552/ERR552161/ERR552161_2.fastq.gz
PRJEB7727	ERR552260	SAMEA2534521	https://ftp.sra.ebi.ac.uk/vol1/fastq/ERR552/ERR552260/ERR552260_1.fastq.gz
PRJEB7727	ERR552260	SAMEA2534521	https://ftp.sra.ebi.ac.uk/vol1/fastq/ERR552/ERR552260/ERR552260_2.fastq.gz
PRJEB7727	ERR552454	SAMEA2534660	https://ftp.sra.ebi.ac.uk/vol1/fastq/ERR552/ERR552454/ERR552454_1.fastq.gz
PRJEB7727	ERR552454	SAMEA2534660	https://ftp.sra.ebi.ac.uk/vol1/fastq/ERR552/ERR552454/ERR552454_2.fastq.gz
PRJEB7727	ERR552455	SAMEA2534660	https://ftp.sra.ebi.ac.uk/vol1/fastq/ERR552/ERR552455/ERR552455_1.fastq.gz
PRJEB7727	ERR552455	SAMEA2534660	https://ftp.sra.ebi.ac.uk/vol1/fastq/ERR552/ERR552455/ERR552455_2.fastq.gz
PRJEB7727	ERR552522	SAMEA2534705	https://ftp.sra.ebi.ac.uk/vol1/fastq/ERR552/ERR552522/ERR552522_1.fastq.gz
PRJEB7727	ERR552522	SAMEA2534705	https://ftp.sra.ebi.ac.uk/vol1/fastq/ERR552/ERR552522/ERR552522_2.fastq.gz
PRJEB7727	ERR552523	SAMEA2534705	https://ftp.sra.ebi.ac.uk/vol1/fastq/ERR552/ERR552523/ERR552523_1.fastq.gz
PRJEB7727	ERR552523	SAMEA2534705	https://ftp.sra.ebi.ac.uk/vol1/fastq/ERR552/ERR552523/ERR552523_2.fastq.gz
PRJEB7727	ERR552553	SAMEA2534728	https://ftp.sra.ebi.ac.uk/vol1/fastq/ERR552/ERR552553/ERR552553_1.fastq.gz
PRJEB7727	ERR552553	SAMEA2534728	https://ftp.sra.ebi.ac.uk/vol1/fastq/ERR552/ERR552553/ERR552553_2.fastq.gz
PRJEB7727	ERR552605	SAMEA2534762	https://ftp.sra.ebi.ac.uk/vol1/fastq/ERR552/ERR552605/ERR552605_1.fastq.gz
PRJEB7727	ERR552605	SAMEA2534762	https://ftp.sra.ebi.ac.uk/vol1/fastq/ERR552/ERR552605/ERR552605_2.fastq.gz
PRJEB7727	ERR552922	SAMEA2535001	https://ftp.sra.ebi.ac.uk/vol1/fastq/ERR552/ERR552922/ERR552922_1.fastq.gz
PRJEB7727	ERR552922	SAMEA2535001	https://ftp.sra.ebi.ac.uk/vol1/fastq/ERR552/ERR552922/ERR552922_2.fastq.gz
PRJEB7727	ERR552979	SAMEA2535046	https://ftp.sra.ebi.ac.uk/vol1/fastq/ERR552/ERR552979/ERR552979_1.fastq.gz
PRJEB7727	ERR552979	SAMEA2535046	https://ftp.sra.ebi.ac.uk/vol1/fastq/ERR552/ERR552979/ERR552979_2.fastq.gz
PRJEB7727	ERR553030	SAMEA2535082	https://ftp.sra.ebi.ac.uk/vol1/fastq/ERR553/ERR553030/ERR553030_1.fastq.gz
PRJEB7727	ERR553030	SAMEA2535082	https://ftp.sra.ebi.ac.uk/vol1/fastq/ERR553/ERR553030/ERR553030_2.fastq.gz
PRJEB7727	ERR553164	SAMEA2535186	https://ftp.sra.ebi.ac.uk/vol1/fastq/ERR553/ERR553164/ERR553164_1.fastq.gz
PRJEB7727	ERR553164	SAMEA2535186	https://ftp.sra.ebi.ac.uk/vol1/fastq/ERR553/ERR553164/ERR553164_2.fastq.gz
PRJEB7727	ERR553166	SAMEA2535186	https://ftp.sra.ebi.ac.uk/vol1/fastq/ERR553/ERR553166/ERR553166_1.fastq.gz
PRJEB7727	ERR553166	SAMEA2535186	https://ftp.sra.ebi.ac.uk/vol1/fastq/ERR553/ERR553166/ERR553166_2.fastq.gz
PRJEB7727	ERR553172	SAMEA2535189	https://ftp.sra.ebi.ac.uk/vol1/fastq/ERR553/ERR553172/ERR553172_1.fastq.gz
PRJEB7727	ERR553172	SAMEA2535189	https://ftp.sra.ebi.ac.uk/vol1/fastq/ERR553/ERR553172/ERR553172_2.fastq.gz
PRJEB7727	ERR553258	SAMEA2535254	https://ftp.sra.ebi.ac.uk/vol1/fastq/ERR553/ERR553258/ERR553258_1.fastq.gz
PRJEB7727	ERR553258	SAMEA2535254	https://ftp.sra.ebi.ac.uk/vol1/fastq/ERR553/ERR553258/ERR553258_2.fastq.gz
PRJEB7727	ERR553371	SAMEA2535344	https://ftp.sra.ebi.ac.uk/vol1/fastq/ERR553/ERR553371/ERR553371_1.fastq.gz
PRJEB7727	ERR553371	SAMEA2535344	https://ftp.sra.ebi.ac.uk/vol1/fastq/ERR553/ERR553371/ERR553371_2.fastq.gz
