isolate_id,drug,phenotype
GENTB_PZA_00000,Pyrazinamide,R
GENTB_PZA_00001,Pyrazinamide,S
GENTB_PZA_00002,Pyrazinamide,R
GENTB_PZA_00003,Pyrazinamide,R
GENTB_PZA_00004,Pyrazinamide,R
GENTB_PZA_00005,Pyrazinamide,S
GENTB_PZA_00006,Pyrazinamide,R
GENTB_PZA_00007,Pyrazinamide,R
GENTB_PZA_00008,Pyrazinamide,S
GENTB_PZA_00009,Pyrazinamide,R
GENTB_PZA_00010,Pyrazinamide,R
GENTB_PZA_00011,Pyrazinamide,R
GENTB_PZA_00012,Pyrazinamide,R
GENTB_PZA_00013,Pyrazinamide,S
GENTB_PZA_00014,Pyrazinamide,R
GENTB_PZA_00015,Pyrazinamide,S
GENTB_PZA_00016,Pyrazinamide,S
GENTB_PZA_00017,Pyrazinamide,S
GENTB_PZA_00018,Pyrazinamide,R
GENTB_PZA_00019,Pyrazinamide,R
GENTB_PZA_00020,Pyrazinamide,R
GENTB_PZA_00021,Pyrazinamide,R
GENTB_PZA_00022,Pyrazinamide,R
GENTB_PZA_00023,Pyrazinamide,R
GENTB_PZA_00024,Pyrazinamide,R
GENTB_PZA_00025,Pyrazinamide,R
GENTB_PZA_00026,Pyrazinamide,S
GENTB_PZA_00027,Pyrazinamide,S
GENTB_PZA_00028,Pyrazinamide,S
GENTB_PZA_00029,Pyrazinamide,R
GENTB_PZA_00030,Pyrazinamide,S
GENTB_PZA_00031,Pyrazinamide,S
GENTB_PZA_00032,Pyrazinamide,S
GENTB_PZA_00033,Pyrazinamide,S
GENTB_PZA_00034,Pyrazinamide,S
GENTB_PZA_00035,Pyrazinamide,S
GENTB_PZA_00036,Pyrazinamide,S
GENTB_PZA_00037,Pyrazinamide,S
GENTB_PZA_00038,Pyrazinamide,S
GENTB_PZA_00039,Pyrazinamide,R
GENTB_PZA_00040,Pyrazinamide,R
GENTB_PZA_00041,Pyrazinamide,S
GENTB_PZA_00042,Pyrazinamide,S
GENTB_PZA_00043,Pyrazinamide,S
GENTB_PZA_00044,Pyrazinamide,S
GENTB_PZA_00045,Pyrazinamide,S
GENTB_PZA_00046,Pyrazinamide,S
GENTB_PZA_00047,Pyrazinamide,S
GENTB_PZA_00048,Pyrazinamide,S
GENTB_PZA_00049,Pyrazinamide,S
GENTB_PZA_00050,Pyrazinamide,S
GENTB_PZA_00051,Pyrazinamide,S
GENTB_PZA_00052,Pyrazinamide,S
GENTB_PZA_00053,Pyrazinamide,S
GENTB_PZA_00054,Pyrazinamide,S
GENTB_PZA_00055,Pyrazinamide,S
GENTB_PZA_00056,Pyrazinamide,S
GENTB_PZA_00057,Pyrazinamide,S
GENTB_PZA_00058,Pyrazinamide,S
GENTB_PZA_00059,Pyrazinamide,S
GENTB_PZA_00060,Pyrazinamide,S
GENTB_PZA_00061,Pyrazinamide,S
GENTB_PZA_00062,Pyrazinamide,S
GENTB_PZA_00063,Pyrazinamide,S
GENTB_PZA_00064,Pyrazinamide,S
GENTB_PZA_00065,Pyrazinamide,R
GENTB_PZA_00066,Pyrazinamide,S
GENTB_PZA_00067,Pyrazinamide,S
GENTB_PZA_00068,Pyrazinamide,S
GENTB_PZA_00069,Pyrazinamide,S
GENTB_PZA_00070,Pyrazinamide,S
GENTB_PZA_00071,Pyrazinamide,R
GENTB_PZA_00072,Pyrazinamide,S
GENTB_PZA_00073,Pyrazinamide,R
GENTB_PZA_00074,Pyrazinamide,R
GENTB_PZA_00075,Pyrazinamide,R
GENTB_PZA_00076,Pyrazinamide,S
GENTB_PZA_00077,Pyrazinamide,R
GENTB_PZA_00078,Pyrazinamide,R
GENTB_PZA_00079,Pyrazinamide,R
GENTB_PZA_00080,Pyrazinamide,S
GENTB_PZA_00081,Pyrazinamide,R
GENTB_PZA_00082,Pyrazinamide,S
GENTB_PZA_00083,Pyrazinamide,R
GENTB_PZA_00084,Pyrazinamide,S
GENTB_PZA_00085,Pyrazinamide,R
GENTB_PZA_00086,Pyrazinamide,R
GENTB_PZA_00087,Pyrazinamide,S
GENTB_PZA_00088,Pyrazinamide,S
GENTB_PZA_00089,Pyrazinamide,S
GENTB_PZA_00090,Pyrazinamide,S
GENTB_PZA_00091,Pyrazinamide,R
GENTB_PZA_00092,Pyrazinamide,R
GENTB_PZA_00093,Pyrazinamide,S
GENTB_PZA_00094,Pyrazinamide,R
GENTB_PZA_00095,Pyrazinamide,R
GENTB_PZA_00096,Pyrazinamide,R
GENTB_PZA_00097,Pyrazinamide,R
GENTB_PZA_00098,Pyrazinamide,R
GENTB_PZA_00099,Pyrazinamide,R
GENTB_PZA_00100,Pyrazinamide,R
GENTB_PZA_00101,Pyrazinamide,R
GENTB_PZA_00102,Pyrazinamide,R
GENTB_PZA_00103,Pyrazinamide,R
GENTB_PZA_00104,Pyrazinamide,R
GENTB_PZA_00105,Pyrazinamide,R
GENTB_PZA_00106,Pyrazinamide,S
GENTB_PZA_00107,Pyrazinamide,S
GENTB_PZA_00108,Pyrazinamide,R
GENTB_PZA_00109,Pyrazinamide,R
GENTB_PZA_00110,Pyrazinamide,R
GENTB_PZA_00111,Pyrazinamide,R
GENTB_PZA_00112,Pyrazinamide,R
GENTB_PZA_00113,Pyrazinamide,S
GENTB_PZA_00114,Pyrazinamide,R
GENTB_PZA_00115,Pyrazinamide,R
GENTB_PZA_00116,Pyrazinamide,R
GENTB_PZA_00117,Pyrazinamide,R
GENTB_PZA_00118,Pyrazinamide,R
GENTB_PZA_00119,Pyrazinamide,R
GENTB_PZA_00120,Pyrazinamide,R
GENTB_PZA_00121,Pyrazinamide,R
GENTB_PZA_00122,Pyrazinamide,R
GENTB_PZA_00123,Pyrazinamide,S
GENTB_PZA_00124,Pyrazinamide,R
GENTB_PZA_00125,Pyrazinamide,R
GENTB_PZA_00126,Pyrazinamide,R
GENTB_PZA_00127,Pyrazinamide,R
GENTB_PZA_00128,Pyrazinamide,S
GENTB_PZA_00129,Pyrazinamide,R
GENTB_PZA_00130,Pyrazinamide,S
GENTB_PZA_00131,Pyrazinamide,R
GENTB_PZA_00132,Pyrazinamide,S
GENTB_PZA_00133,Pyrazinamide,S
GENTB_PZA_00134,Pyrazinamide,R
GENTB_PZA_00135,Pyrazinamide,S
GENTB_PZA_00136,Pyrazinamide,R
GENTB_PZA_00137,Pyrazinamide,R
GENTB_PZA_00138,Pyrazinamide,R
GENTB_PZA_00139,Pyrazinamide,S
GENTB_PZA_00140,Pyrazinamide,R
GENTB_PZA_00141,Pyrazinamide,R
GENTB_PZA_00142,Pyrazinamide,R
GENTB_PZA_00143,Pyrazinamide,S
GENTB_PZA_00144,Pyrazinamide,R
GENTB_PZA_00145,Pyrazinamide,R
GENTB_PZA_00146,Pyrazinamide,R
GENTB_PZA_00147,Pyrazinamide,R
GENTB_PZA_00148,Pyrazinamide,R
GENTB_PZA_00149,Pyrazinamide,R
GENTB_PZA_00150,Pyrazinamide,R
GENTB_PZA_00151,Pyrazinamide,S
GENTB_PZA_00152,Pyrazinamide,R
GENTB_PZA_00153,Pyrazinamide,S
GENTB_PZA_00154,Pyrazinamide,R
GENTB_PZA_00155,Pyrazinamide,S
GENTB_PZA_00156,Pyrazinamide,R
GENTB_PZA_00157,Pyrazinamide,R
GENTB_PZA_00158,Pyrazinamide,R
GENTB_PZA_00159,Pyrazinamide,R
GENTB_PZA_00160,Pyrazinamide,R
GENTB_PZA_00161,Pyrazinamide,R
GENTB_PZA_00162,Pyrazinamide,S
GENTB_PZA_00163,Pyrazinamide,S
GENTB_PZA_00164,Pyrazinamide,S
GENTB_PZA_00165,Pyrazinamide,R
GENTB_PZA_00166,Pyrazinamide,S
GENTB_PZA_00167,Pyrazinamide,R
GENTB_PZA_00168,Pyrazinamide,R
GENTB_PZA_00169,Pyrazinamide,R
GENTB_PZA_00170,Pyrazinamide,R
GENTB_PZA_00171,Pyrazinamide,S
GENTB_PZA_00172,Pyrazinamide,S
GENTB_PZA_00173,Pyrazinamide,R
GENTB_PZA_00174,Pyrazinamide,S
GENTB_PZA_00175,Pyrazinamide,R
GENTB_PZA_00176,Pyrazinamide,R
GENTB_PZA_00177,Pyrazinamide,R
GENTB_PZA_00178,Pyrazinamide,R
GENTB_PZA_00179,Pyrazinamide,R
GENTB_PZA_00180,Pyrazinamide,R
GENTB_PZA_00181,Pyrazinamide,R
GENTB_PZA_00182,Pyrazinamide,R
GENTB_PZA_00183,Pyrazinamide,R
GENTB_PZA_00184,Pyrazinamide,R
GENTB_PZA_00185,Pyrazinamide,R
GENTB_PZA_00186,Pyrazinamide,R
GENTB_PZA_00187,Pyrazinamide,R
GENTB_PZA_00188,Pyrazinamide,R
GENTB_PZA_00189,Pyrazinamide,R
GENTB_PZA_00190,Pyrazinamide,R
GENTB_PZA_00191,Pyrazinamide,S
GENTB_PZA_00192,Pyrazinamide,S
GENTB_PZA_00193,Pyrazinamide,R
GENTB_PZA_00194,Pyrazinamide,S
GENTB_PZA_00195,Pyrazinamide,S
GENTB_PZA_00196,Pyrazinamide,R
GENTB_PZA_00197,Pyrazinamide,S
GENTB_PZA_00198,Pyrazinamide,S
GENTB_PZA_00199,Pyrazinamide,R
GENTB_PZA_00200,Pyrazinamide,R
GENTB_PZA_00201,Pyrazinamide,R
GENTB_PZA_00202,Pyrazinamide,R
GENTB_PZA_00203,Pyrazinamide,S
GENTB_PZA_00204,Pyrazinamide,S
GENTB_PZA_00205,Pyrazinamide,S
GENTB_PZA_00206,Pyrazinamide,R
GENTB_PZA_00207,Pyrazinamide,S
GENTB_PZA_00208,Pyrazinamide,R
GENTB_PZA_00209,Pyrazinamide,R
GENTB_PZA_00210,Pyrazinamide,R
GENTB_PZA_00211,Pyrazinamide,R
GENTB_PZA_00212,Pyrazinamide,R
GENTB_PZA_00213,Pyrazinamide,S
GENTB_PZA_00214,Pyrazinamide,S
GENTB_PZA_00215,Pyrazinamide,R
GENTB_PZA_00216,Pyrazinamide,S
GENTB_PZA_00217,Pyrazinamide,R
GENTB_PZA_00218,Pyrazinamide,R
GENTB_PZA_00219,Pyrazinamide,R
GENTB_PZA_00220,Pyrazinamide,R
GENTB_PZA_00221,Pyrazinamide,S
GENTB_PZA_00222,Pyrazinamide,S
GENTB_PZA_00223,Pyrazinamide,S
GENTB_PZA_00224,Pyrazinamide,R
GENTB_PZA_00225,Pyrazinamide,R
GENTB_PZA_00226,Pyrazinamide,S
GENTB_PZA_00227,Pyrazinamide,R
GENTB_PZA_00228,Pyrazinamide,R
GENTB_PZA_00229,Pyrazinamide,R
GENTB_PZA_00230,Pyrazinamide,R
GENTB_PZA_00231,Pyrazinamide,R
GENTB_PZA_00232,Pyrazinamide,R
GENTB_PZA_00233,Pyrazinamide,R
GENTB_PZA_00234,Pyrazinamide,S
GENTB_PZA_00235,Pyrazinamide,S
GENTB_PZA_00236,Pyrazinamide,S
GENTB_PZA_00237,Pyrazinamide,S
GENTB_PZA_00238,Pyrazinamide,R
GENTB_PZA_00239,Pyrazinamide,R
GENTB_PZA_00240,Pyrazinamide,R
GENTB_PZA_00241,Pyrazinamide,S
GENTB_PZA_00242,Pyrazinamide,R
GENTB_PZA_00243,Pyrazinamide,S
GENTB_PZA_00244,Pyrazinamide,R
GENTB_PZA_00245,Pyrazinamide,R
GENTB_PZA_00246,Pyrazinamide,R
GENTB_PZA_00247,Pyrazinamide,R
GENTB_PZA_00248,Pyrazinamide,R
GENTB_PZA_00249,Pyrazinamide,R
GENTB_PZA_00250,Pyrazinamide,R
GENTB_PZA_00251,Pyrazinamide,S
GENTB_PZA_00252,Pyrazinamide,R
GENTB_PZA_00253,Pyrazinamide,R
GENTB_PZA_00254,Pyrazinamide,R
GENTB_PZA_00255,Pyrazinamide,R
GENTB_PZA_00256,Pyrazinamide,R
GENTB_PZA_00257,Pyrazinamide,R
GENTB_PZA_00258,Pyrazinamide,R
GENTB_PZA_00259,Pyrazinamide,R
GENTB_PZA_00260,Pyrazinamide,R
GENTB_PZA_00261,Pyrazinamide,S
GENTB_PZA_00262,Pyrazinamide,S
GENTB_PZA_00263,Pyrazinamide,R
GENTB_PZA_00264,Pyrazinamide,S
GENTB_PZA_00265,Pyrazinamide,R
GENTB_PZA_00266,Pyrazinamide,R
GENTB_PZA_00267,Pyrazinamide,R
GENTB_PZA_00268,Pyrazinamide,R
GENTB_PZA_00269,Pyrazinamide,S
GENTB_PZA_00270,Pyrazinamide,R
GENTB_PZA_00271,Pyrazinamide,S
GENTB_PZA_00272,Pyrazinamide,R
GENTB_PZA_00273,Pyrazinamide,R
GENTB_PZA_00274,Pyrazinamide,R
GENTB_PZA_00275,Pyrazinamide,R
GENTB_PZA_00276,Pyrazinamide,S
GENTB_PZA_00277,Pyrazinamide,R
GENTB_PZA_00278,Pyrazinamide,S
GENTB_PZA_00279,Pyrazinamide,S
GENTB_PZA_00280,Pyrazinamide,R
GENTB_PZA_00281,Pyrazinamide,R
GENTB_PZA_00282,Pyrazinamide,R
GENTB_PZA_00283,Pyrazinamide,R
GENTB_PZA_00284,Pyrazinamide,S
GENTB_PZA_00285,Pyrazinamide,R
GENTB_PZA_00286,Pyrazinamide,R
GENTB_PZA_00287,Pyrazinamide,S
GENTB_PZA_00288,Pyrazinamide,S
GENTB_PZA_00289,Pyrazinamide,S
GENTB_PZA_00290,Pyrazinamide,R
GENTB_PZA_00291,Pyrazinamide,R
GENTB_PZA_00292,Pyrazinamide,S
GENTB_PZA_00293,Pyrazinamide,R
GENTB_PZA_00294,Pyrazinamide,R
GENTB_PZA_00295,Pyrazinamide,R
GENTB_PZA_00296,Pyrazinamide,R
GENTB_PZA_00297,Pyrazinamide,S
GENTB_PZA_00298,Pyrazinamide,S
GENTB_PZA_00299,Pyrazinamide,R
GENTB_PZA_00300,Pyrazinamide,R
GENTB_PZA_00301,Pyrazinamide,R
GENTB_PZA_00302,Pyrazinamide,R
GENTB_PZA_00303,Pyrazinamide,S
GENTB_PZA_00304,Pyrazinamide,S
GENTB_PZA_00305,Pyrazinamide,S
GENTB_PZA_00306,Pyrazinamide,R
GENTB_PZA_00307,Pyrazinamide,R
GENTB_PZA_00308,Pyrazinamide,R
GENTB_PZA_00309,Pyrazinamide,R
GENTB_PZA_00310,Pyrazinamide,R
GENTB_PZA_00311,Pyrazinamide,R
GENTB_PZA_00312,Pyrazinamide,R
GENTB_PZA_00313,Pyrazinamide,S
GENTB_PZA_00314,Pyrazinamide,R
GENTB_PZA_00315,Pyrazinamide,S
GENTB_PZA_00316,Pyrazinamide,R
GENTB_PZA_00317,Pyrazinamide,S
GENTB_PZA_00318,Pyrazinamide,R
GENTB_PZA_00319,Pyrazinamide,R
GENTB_PZA_00320,Pyrazinamide,S
GENTB_PZA_00321,Pyrazinamide,R
GENTB_PZA_00322,Pyrazinamide,S
GENTB_PZA_00323,Pyrazinamide,S
GENTB_PZA_00324,Pyrazinamide,R
GENTB_PZA_00325,Pyrazinamide,R
GENTB_PZA_00326,Pyrazinamide,R
GENTB_PZA_00327,Pyrazinamide,R
GENTB_PZA_00328,Pyrazinamide,R
GENTB_PZA_00329,Pyrazinamide,S
GENTB_PZA_00330,Pyrazinamide,S
GENTB_PZA_00331,Pyrazinamide,S
GENTB_PZA_00332,Pyrazinamide,R
GENTB_PZA_00333,Pyrazinamide,R
GENTB_PZA_00334,Pyrazinamide,R
GENTB_PZA_00335,Pyrazinamide,S
GENTB_PZA_00336,Pyrazinamide,R
GENTB_PZA_00337,Pyrazinamide,R
GENTB_PZA_00338,Pyrazinamide,R
GENTB_PZA_00339,Pyrazinamide,R
GENTB_PZA_00340,Pyrazinamide,S
GENTB_PZA_00341,Pyrazinamide,R
GENTB_PZA_00342,Pyrazinamide,R
GENTB_PZA_00343,Pyrazinamide,R
GENTB_PZA_00344,Pyrazinamide,R
GENTB_PZA_00345,Pyrazinamide,R
GENTB_PZA_00346,Pyrazinamide,R
GENTB_PZA_00347,Pyrazinamide,R
GENTB_PZA_00348,Pyrazinamide,R
GENTB_PZA_00349,Pyrazinamide,R
GENTB_PZA_00350,Pyrazinamide,R
GENTB_PZA_00351,Pyrazinamide,R
GENTB_PZA_00352,Pyrazinamide,R
GENTB_PZA_00353,Pyrazinamide,R
GENTB_PZA_00354,Pyrazinamide,R
GENTB_PZA_00355,Pyrazinamide,S
GENTB_PZA_00356,Pyrazinamide,R
GENTB_PZA_00357,Pyrazinamide,R
GENTB_PZA_00358,Pyrazinamide,S
GENTB_PZA_00359,Pyrazinamide,S
GENTB_PZA_00360,Pyrazinamide,S
GENTB_PZA_00361,Pyrazinamide,S
GENTB_PZA_00362,Pyrazinamide,R
GENTB_PZA_00363,Pyrazinamide,S
GENTB_PZA_00364,Pyrazinamide,R
GENTB_PZA_00365,Pyrazinamide,R
GENTB_PZA_00366,Pyrazinamide,S
GENTB_PZA_00367,Pyrazinamide,S
GENTB_PZA_00368,Pyrazinamide,S
GENTB_PZA_00369,Pyrazinamide,S
GENTB_PZA_00370,Pyrazinamide,S
GENTB_PZA_00371,Pyrazinamide,S
GENTB_PZA_00372,Pyrazinamide,S
GENTB_PZA_00373,Pyrazinamide,S
GENTB_PZA_00374,Pyrazinamide,R
GENTB_PZA_00375,Pyrazinamide,S
GENTB_PZA_00376,Pyrazinamide,S
GENTB_PZA_00377,Pyrazinamide,S
GENTB_PZA_00378,Pyrazinamide,S
GENTB_PZA_00379,Pyrazinamide,S
GENTB_PZA_00380,Pyrazinamide,S
GENTB_PZA_00381,Pyrazinamide,S
GENTB_PZA_00382,Pyrazinamide,S
GENTB_PZA_00383,Pyrazinamide,S
GENTB_PZA_00384,Pyrazinamide,S
GENTB_PZA_00385,Pyrazinamide,S
GENTB_PZA_00386,Pyrazinamide,S
GENTB_PZA_00387,Pyrazinamide,S
GENTB_PZA_00388,Pyrazinamide,S
GENTB_PZA_00389,Pyrazinamide,S
GENTB_PZA_00390,Pyrazinamide,S
GENTB_PZA_00391,Pyrazinamide,R
GENTB_PZA_00392,Pyrazinamide,S
GENTB_PZA_00393,Pyrazinamide,S
GENTB_PZA_00394,Pyrazinamide,S
GENTB_PZA_00395,Pyrazinamide,S
GENTB_PZA_00396,Pyrazinamide,R
GENTB_PZA_00397,Pyrazinamide,R
GENTB_PZA_00398,Pyrazinamide,S
GENTB_PZA_00399,Pyrazinamide,S
GENTB_PZA_00400,Pyrazinamide,R
GENTB_PZA_00401,Pyrazinamide,S
GENTB_PZA_00402,Pyrazinamide,S
GENTB_PZA_00403,Pyrazinamide,S
GENTB_PZA_00404,Pyrazinamide,R
GENTB_PZA_00405,Pyrazinamide,S
GENTB_PZA_00406,Pyrazinamide,S
GENTB_PZA_00407,Pyrazinamide,S
GENTB_PZA_00408,Pyrazinamide,S
GENTB_PZA_00409,Pyrazinamide,S
GENTB_PZA_00410,Pyrazinamide,S
GENTB_PZA_00411,Pyrazinamide,S
GENTB_PZA_00412,Pyrazinamide,S
GENTB_PZA_00413,Pyrazinamide,S
GENTB_PZA_00414,Pyrazinamide,S
GENTB_PZA_00415,Pyrazinamide,S
GENTB_PZA_00416,Pyrazinamide,S
GENTB_PZA_00417,Pyrazinamide,S
GENTB_PZA_00418,Pyrazinamide,R
GENTB_PZA_00419,Pyrazinamide,R
GENTB_PZA_00420,Pyrazinamide,R
GENTB_PZA_00421,Pyrazinamide,R
GENTB_PZA_00422,Pyrazinamide,S
GENTB_PZA_00423,Pyrazinamide,R
GENTB_PZA_00424,Pyrazinamide,R
GENTB_PZA_00425,Pyrazinamide,S
GENTB_PZA_00426,Pyrazinamide,S
GENTB_PZA_00427,Pyrazinamide,S
GENTB_PZA_00428,Pyrazinamide,R
GENTB_PZA_00429,Pyrazinamide,R
GENTB_PZA_00430,Pyrazinamide,S
GENTB_PZA_00431,Pyrazinamide,S
GENTB_PZA_00432,Pyrazinamide,R
GENTB_PZA_00433,Pyrazinamide,R
GENTB_PZA_00434,Pyrazinamide,R
GENTB_PZA_00435,Pyrazinamide,S
GENTB_PZA_00436,Pyrazinamide,R
GENTB_PZA_00437,Pyrazinamide,S
GENTB_PZA_00438,Pyrazinamide,S
GENTB_PZA_00439,Pyrazinamide,R
GENTB_PZA_00440,Pyrazinamide,R
GENTB_PZA_00441,Pyrazinamide,R
GENTB_PZA_00442,Pyrazinamide,R
GENTB_PZA_00443,Pyrazinamide,R
GENTB_PZA_00444,Pyrazinamide,S
GENTB_PZA_00445,Pyrazinamide,S
GENTB_PZA_00446,Pyrazinamide,R
GENTB_PZA_00447,Pyrazinamide,S
GENTB_PZA_00448,Pyrazinamide,R
GENTB_PZA_00449,Pyrazinamide,R
GENTB_PZA_00450,Pyrazinamide,R
GENTB_PZA_00451,Pyrazinamide,R
GENTB_PZA_00452,Pyrazinamide,R
GENTB_PZA_00453,Pyrazinamide,S
GENTB_PZA_00454,Pyrazinamide,R
GENTB_PZA_00455,Pyrazinamide,R
GENTB_PZA_00456,Pyrazinamide,R
GENTB_PZA_00457,Pyrazinamide,R
GENTB_PZA_00458,Pyrazinamide,R
GENTB_PZA_00459,Pyrazinamide,R
GENTB_PZA_00460,Pyrazinamide,S
GENTB_PZA_00461,Pyrazinamide,R
GENTB_PZA_00462,Pyrazinamide,R
GENTB_PZA_00463,Pyrazinamide,S
GENTB_PZA_00464,Pyrazinamide,R
GENTB_PZA_00465,Pyrazinamide,R
GENTB_PZA_00466,Pyrazinamide,R
GENTB_PZA_00467,Pyrazinamide,R
GENTB_PZA_00468,Pyrazinamide,S
GENTB_PZA_00469,Pyrazinamide,R
GENTB_PZA_00470,Pyrazinamide,R
GENTB_PZA_00471,Pyrazinamide,R
GENTB_PZA_00472,Pyrazinamide,R
GENTB_PZA_00473,Pyrazinamide,S
GENTB_PZA_00474,Pyrazinamide,R
GENTB_PZA_00475,Pyrazinamide,R
GENTB_PZA_00476,Pyrazinamide,R
GENTB_PZA_00477,Pyrazinamide,R
GENTB_PZA_00478,Pyrazinamide,R
GENTB_PZA_00479,Pyrazinamide,R
GENTB_PZA_00480,Pyrazinamide,R
GENTB_PZA_00481,Pyrazinamide,S
GENTB_PZA_00482,Pyrazinamide,R
GENTB_PZA_00483,Pyrazinamide,R
GENTB_PZA_00484,Pyrazinamide,R
GENTB_PZA_00485,Pyrazinamide,R
GENTB_PZA_00486,Pyrazinamide,S
GENTB_PZA_00487,Pyrazinamide,R
GENTB_PZA_00488,Pyrazinamide,S
GENTB_PZA_00489,Pyrazinamide,R
GENTB_PZA_00490,Pyrazinamide,R
GENTB_PZA_00491,Pyrazinamide,S
GENTB_PZA_00492,Pyrazinamide,R
GENTB_PZA_00493,Pyrazinamide,R
GENTB_PZA_00494,Pyrazinamide,R
GENTB_PZA_00495,Pyrazinamide,R
GENTB_PZA_00496,Pyrazinamide,R
GENTB_PZA_00497,Pyrazinamide,R
GENTB_PZA_00498,Pyrazinamide,S
GENTB_PZA_00499,Pyrazinamide,R
GENTB_PZA_00500,Pyrazinamide,R
GENTB_PZA_00501,Pyrazinamide,R
GENTB_PZA_00502,Pyrazinamide,S
GENTB_PZA_00503,Pyrazinamide,R
GENTB_PZA_00504,Pyrazinamide,R
GENTB_PZA_00505,Pyrazinamide,R
GENTB_PZA_00506,Pyrazinamide,R
GENTB_PZA_00507,Pyrazinamide,R
GENTB_PZA_00508,Pyrazinamide,R
GENTB_PZA_00509,Pyrazinamide,S
GENTB_PZA_00510,Pyrazinamide,R
GENTB_PZA_00511,Pyrazinamide,R
GENTB_PZA_00512,Pyrazinamide,R
GENTB_PZA_00513,Pyrazinamide,S
GENTB_PZA_00514,Pyrazinamide,R
GENTB_PZA_00515,Pyrazinamide,R
GENTB_PZA_00516,Pyrazinamide,R
GENTB_PZA_00517,Pyrazinamide,R
GENTB_PZA_00518,Pyrazinamide,S
GENTB_PZA_00519,Pyrazinamide,R
GENTB_PZA_00520,Pyrazinamide,R
GENTB_PZA_00521,Pyrazinamide,R
GENTB_PZA_00522,Pyrazinamide,R
GENTB_PZA_00523,Pyrazinamide,S
GENTB_PZA_00524,Pyrazinamide,R
GENTB_PZA_00525,Pyrazinamide,S
GENTB_PZA_00526,Pyrazinamide,S
GENTB_PZA_00527,Pyrazinamide,S
GENTB_PZA_00528,Pyrazinamide,R
GENTB_PZA_00529,Pyrazinamide,S
GENTB_PZA_00530,Pyrazinamide,S
GENTB_PZA_00531,Pyrazinamide,R
GENTB_PZA_00532,Pyrazinamide,S
GENTB_PZA_00533,Pyrazinamide,S
GENTB_PZA_00534,Pyrazinamide,R
GENTB_PZA_00535,Pyrazinamide,R
GENTB_PZA_00536,Pyrazinamide,S
GENTB_PZA_00537,Pyrazinamide,S
GENTB_PZA_00538,Pyrazinamide,R
GENTB_PZA_00539,Pyrazinamide,R
GENTB_PZA_00540,Pyrazinamide,S
GENTB_PZA_00541,Pyrazinamide,S
GENTB_PZA_00542,Pyrazinamide,R
GENTB_PZA_00543,Pyrazinamide,S
GENTB_PZA_00544,Pyrazinamide,R
GENTB_PZA_00545,Pyrazinamide,R
GENTB_PZA_00546,Pyrazinamide,R
GENTB_PZA_00547,Pyrazinamide,S
GENTB_PZA_00548,Pyrazinamide,R
GENTB_PZA_00549,Pyrazinamide,R
GENTB_PZA_00550,Pyrazinamide,R
GENTB_PZA_00551,Pyrazinamide,R
GENTB_PZA_00552,Pyrazinamide,R
GENTB_PZA_00553,Pyrazinamide,R
GENTB_PZA_00554,Pyrazinamide,R
GENTB_PZA_00555,Pyrazinamide,R
GENTB_PZA_00556,Pyrazinamide,R
GENTB_PZA_00557,Pyrazinamide,R
GENTB_PZA_00558,Pyrazinamide,S
GENTB_PZA_00559,Pyrazinamide,R
GENTB_PZA_00560,Pyrazinamide,R
GENTB_PZA_00561,Pyrazinamide,R
GENTB_PZA_00562,Pyrazinamide,S
GENTB_PZA_00563,Pyrazinamide,R
GENTB_PZA_00564,Pyrazinamide,S
GENTB_PZA_00565,Pyrazinamide,R
GENTB_PZA_00566,Pyrazinamide,R
GENTB_PZA_00567,Pyrazinamide,R
GENTB_PZA_00568,Pyrazinamide,R
GENTB_PZA_00569,Pyrazinamide,S
GENTB_PZA_00570,Pyrazinamide,R
GENTB_PZA_00571,Pyrazinamide,R
GENTB_PZA_00572,Pyrazinamide,R
GENTB_PZA_00573,Pyrazinamide,S
GENTB_PZA_00574,Pyrazinamide,R
GENTB_PZA_00575,Pyrazinamide,R
GENTB_PZA_00576,Pyrazinamide,R
GENTB_PZA_00577,Pyrazinamide,R
GENTB_PZA_00578,Pyrazinamide,S
GENTB_PZA_00579,Pyrazinamide,R
GENTB_PZA_00580,Pyrazinamide,R
GENTB_PZA_00581,Pyrazinamide,R
GENTB_PZA_00582,Pyrazinamide,R
GENTB_PZA_00583,Pyrazinamide,R
GENTB_PZA_00584,Pyrazinamide,R
GENTB_PZA_00585,Pyrazinamide,S
GENTB_PZA_00586,Pyrazinamide,R
GENTB_PZA_00587,Pyrazinamide,S
GENTB_PZA_00588,Pyrazinamide,R
GENTB_PZA_00589,Pyrazinamide,R
GENTB_PZA_00590,Pyrazinamide,R
GENTB_PZA_00591,Pyrazinamide,R
GENTB_PZA_00592,Pyrazinamide,R
GENTB_PZA_00593,Pyrazinamide,S
GENTB_PZA_00594,Pyrazinamide,S
GENTB_PZA_00595,Pyrazinamide,R
GENTB_PZA_00596,Pyrazinamide,R
GENTB_PZA_00597,Pyrazinamide,R
GENTB_PZA_00598,Pyrazinamide,R
GENTB_PZA_00599,Pyrazinamide,R
GENTB_PZA_00600,Pyrazinamide,R
GENTB_PZA_00601,Pyrazinamide,S
GENTB_PZA_00602,Pyrazinamide,R
GENTB_PZA_00603,Pyrazinamide,R
GENTB_PZA_00604,Pyrazinamide,S
GENTB_PZA_00605,Pyrazinamide,S
GENTB_PZA_00606,Pyrazinamide,R
GENTB_PZA_00607,Pyrazinamide,R
GENTB_PZA_00608,Pyrazinamide,R
GENTB_PZA_00609,Pyrazinamide,R
GENTB_PZA_00610,Pyrazinamide,R
GENTB_PZA_00611,Pyrazinamide,S
GENTB_PZA_00612,Pyrazinamide,R
GENTB_PZA_00613,Pyrazinamide,R
GENTB_PZA_00614,Pyrazinamide,R
GENTB_PZA_00615,Pyrazinamide,R
GENTB_PZA_00616,Pyrazinamide,R
GENTB_PZA_00617,Pyrazinamide,R
GENTB_PZA_00618,Pyrazinamide,S
GENTB_PZA_00619,Pyrazinamide,S
GENTB_PZA_00620,Pyrazinamide,R
GENTB_PZA_00621,Pyrazinamide,S
GENTB_PZA_00622,Pyrazinamide,R
GENTB_PZA_00623,Pyrazinamide,R
GENTB_PZA_00624,Pyrazinamide,R
GENTB_PZA_00625,Pyrazinamide,R
GENTB_PZA_00626,Pyrazinamide,R
GENTB_PZA_00627,Pyrazinamide,R
GENTB_PZA_00628,Pyrazinamide,R
GENTB_PZA_00629,Pyrazinamide,R
GENTB_PZA_00630,Pyrazinamide,S
GENTB_PZA_00631,Pyrazinamide,R
GENTB_PZA_00632,Pyrazinamide,R
GENTB_PZA_00633,Pyrazinamide,R
GENTB_PZA_00634,Pyrazinamide,S
GENTB_PZA_00635,Pyrazinamide,S
GENTB_PZA_00636,Pyrazinamide,R
GENTB_PZA_00637,Pyrazinamide,R
GENTB_PZA_00638,Pyrazinamide,R
GENTB_PZA_00639,Pyrazinamide,R
GENTB_PZA_00640,Pyrazinamide,S
GENTB_PZA_00641,Pyrazinamide,S
GENTB_PZA_00642,Pyrazinamide,S
GENTB_PZA_00643,Pyrazinamide,R
GENTB_PZA_00644,Pyrazinamide,R
GENTB_PZA_00645,Pyrazinamide,S
GENTB_PZA_00646,Pyrazinamide,R
GENTB_PZA_00647,Pyrazinamide,R
GENTB_PZA_00648,Pyrazinamide,R
GENTB_PZA_00649,Pyrazinamide,R
GENTB_PZA_00650,Pyrazinamide,R
GENTB_PZA_00651,Pyrazinamide,S
GENTB_PZA_00652,Pyrazinamide,S
GENTB_PZA_00653,Pyrazinamide,R
GENTB_PZA_00654,Pyrazinamide,R
GENTB_PZA_00655,Pyrazinamide,R
GENTB_PZA_00656,Pyrazinamide,R
GENTB_PZA_00657,Pyrazinamide,R
GENTB_PZA_00658,Pyrazinamide,R
GENTB_PZA_00659,Pyrazinamide,S
GENTB_PZA_00660,Pyrazinamide,R
GENTB_PZA_00661,Pyrazinamide,R
GENTB_PZA_00662,Pyrazinamide,S
GENTB_PZA_00663,Pyrazinamide,R
GENTB_PZA_00664,Pyrazinamide,R
GENTB_PZA_00665,Pyrazinamide,R
GENTB_PZA_00666,Pyrazinamide,R
GENTB_PZA_00667,Pyrazinamide,R
GENTB_PZA_00668,Pyrazinamide,R
GENTB_PZA_00669,Pyrazinamide,S
GENTB_PZA_00670,Pyrazinamide,S
GENTB_PZA_00671,Pyrazinamide,S
GENTB_PZA_00672,Pyrazinamide,S
GENTB_PZA_00673,Pyrazinamide,S
GENTB_PZA_00674,Pyrazinamide,S
GENTB_PZA_00675,Pyrazinamide,S
GENTB_PZA_00676,Pyrazinamide,R
GENTB_PZA_00677,Pyrazinamide,R
GENTB_PZA_00678,Pyrazinamide,S
GENTB_PZA_00679,Pyrazinamide,S
GENTB_PZA_00680,Pyrazinamide,S
GENTB_PZA_00681,Pyrazinamide,S
GENTB_PZA_00682,Pyrazinamide,S
GENTB_PZA_00683,Pyrazinamide,S
GENTB_PZA_00684,Pyrazinamide,S
GENTB_PZA_00685,Pyrazinamide,S
GENTB_PZA_00686,Pyrazinamide,S
GENTB_PZA_00687,Pyrazinamide,S
GENTB_PZA_00688,Pyrazinamide,R
GENTB_PZA_00689,Pyrazinamide,R
GENTB_PZA_00690,Pyrazinamide,R
GENTB_PZA_00691,Pyrazinamide,R
GENTB_PZA_00692,Pyrazinamide,R
GENTB_PZA_00693,Pyrazinamide,S
GENTB_PZA_00694,Pyrazinamide,R
GENTB_PZA_00695,Pyrazinamide,R
GENTB_PZA_00696,Pyrazinamide,R
GENTB_PZA_00697,Pyrazinamide,R
GENTB_PZA_00698,Pyrazinamide,R
GENTB_PZA_00699,Pyrazinamide,R
GENTB_PZA_00700,Pyrazinamide,S
GENTB_PZA_00701,Pyrazinamide,R
GENTB_PZA_00702,Pyrazinamide,R
GENTB_PZA_00703,Pyrazinamide,R
GENTB_PZA_00704,Pyrazinamide,R
GENTB_PZA_00705,Pyrazinamide,S
GENTB_PZA_00706,Pyrazinamide,S
GENTB_PZA_00707,Pyrazinamide,S
GENTB_PZA_00708,Pyrazinamide,R
GENTB_PZA_00709,Pyrazinamide,R
GENTB_PZA_00710,Pyrazinamide,R
GENTB_PZA_00711,Pyrazinamide,S
GENTB_PZA_00712,Pyrazinamide,S
GENTB_PZA_00713,Pyrazinamide,S
GENTB_PZA_00714,Pyrazinamide,R
GENTB_PZA_00715,Pyrazinamide,S
GENTB_PZA_00716,Pyrazinamide,S
GENTB_PZA_00717,Pyrazinamide,S
GENTB_PZA_00718,Pyrazinamide,R
GENTB_PZA_00719,Pyrazinamide,R
GENTB_PZA_00720,Pyrazinamide,R
GENTB_PZA_00721,Pyrazinamide,R
GENTB_PZA_00722,Pyrazinamide,R
GENTB_PZA_00723,Pyrazinamide,R
GENTB_PZA_00724,Pyrazinamide,R
GENTB_PZA_00725,Pyrazinamide,S
GENTB_PZA_00726,Pyrazinamide,S
GENTB_PZA_00727,Pyrazinamide,R
GENTB_PZA_00728,Pyrazinamide,R
GENTB_PZA_00729,Pyrazinamide,R
GENTB_PZA_00730,Pyrazinamide,S
GENTB_PZA_00731,Pyrazinamide,S
GENTB_PZA_00732,Pyrazinamide,R
GENTB_PZA_00733,Pyrazinamide,R
GENTB_PZA_00734,Pyrazinamide,R
GENTB_PZA_00735,Pyrazinamide,R
GENTB_PZA_00736,Pyrazinamide,S
GENTB_PZA_00737,Pyrazinamide,S
GENTB_PZA_00738,Pyrazinamide,S
GENTB_PZA_00739,Pyrazinamide,R
GENTB_PZA_00740,Pyrazinamide,R
GENTB_PZA_00741,Pyrazinamide,R
GENTB_PZA_00742,Pyrazinamide,R
GENTB_PZA_00743,Pyrazinamide,R
GENTB_PZA_00744,Pyrazinamide,R
GENTB_PZA_00745,Pyrazinamide,R
GENTB_PZA_00746,Pyrazinamide,S
GENTB_PZA_00747,Pyrazinamide,R
GENTB_PZA_00748,Pyrazinamide,R
GENTB_PZA_00749,Pyrazinamide,R
GENTB_PZA_00750,Pyrazinamide,R
GENTB_PZA_00751,Pyrazinamide,R
GENTB_PZA_00752,Pyrazinamide,R
GENTB_PZA_00753,Pyrazinamide,R
GENTB_PZA_00754,Pyrazinamide,R
GENTB_PZA_00755,Pyrazinamide,R
GENTB_PZA_00756,Pyrazinamide,R
GENTB_PZA_00757,Pyrazinamide,R
GENTB_PZA_00758,Pyrazinamide,R
GENTB_PZA_00759,Pyrazinamide,S
GENTB_PZA_00760,Pyrazinamide,R
GENTB_PZA_00761,Pyrazinamide,S
GENTB_PZA_00762,Pyrazinamide,R
GENTB_PZA_00763,Pyrazinamide,R
GENTB_PZA_00764,Pyrazinamide,R
GENTB_PZA_00765,Pyrazinamide,R
GENTB_PZA_00766,Pyrazinamide,S
GENTB_PZA_00767,Pyrazinamide,R
GENTB_PZA_00768,Pyrazinamide,R
GENTB_PZA_00769,Pyrazinamide,R
GENTB_PZA_00770,Pyrazinamide,S
GENTB_PZA_00771,Pyrazinamide,R
GENTB_PZA_00772,Pyrazinamide,R
GENTB_PZA_00773,Pyrazinamide,S
GENTB_PZA_00774,Pyrazinamide,R
GENTB_PZA_00775,Pyrazinamide,R
GENTB_PZA_00776,Pyrazinamide,R
GENTB_PZA_00777,Pyrazinamide,S
GENTB_PZA_00778,Pyrazinamide,R
GENTB_PZA_00779,Pyrazinamide,R
GENTB_PZA_00780,Pyrazinamide,R
GENTB_PZA_00781,Pyrazinamide,R
GENTB_PZA_00782,Pyrazinamide,S
GENTB_PZA_00783,Pyrazinamide,S
GENTB_PZA_00784,Pyrazinamide,R
GENTB_PZA_00785,Pyrazinamide,R
GENTB_PZA_00786,Pyrazinamide,R
GENTB_PZA_00787,Pyrazinamide,S
GENTB_PZA_00788,Pyrazinamide,R
GENTB_PZA_00789,Pyrazinamide,R
GENTB_PZA_00790,Pyrazinamide,R
GENTB_PZA_00791,Pyrazinamide,R
GENTB_PZA_00792,Pyrazinamide,R
GENTB_PZA_00793,Pyrazinamide,R
GENTB_PZA_00794,Pyrazinamide,S
GENTB_PZA_00795,Pyrazinamide,R
GENTB_PZA_00796,Pyrazinamide,R
GENTB_PZA_00797,Pyrazinamide,S
GENTB_PZA_00798,Pyrazinamide,R
GENTB_PZA_00799,Pyrazinamide,R
GENTB_PZA_00800,Pyrazinamide,R
GENTB_PZA_00801,Pyrazinamide,R
GENTB_PZA_00802,Pyrazinamide,R
GENTB_PZA_00803,Pyrazinamide,R
GENTB_PZA_00804,Pyrazinamide,S
GENTB_PZA_00805,Pyrazinamide,R
GENTB_PZA_00806,Pyrazinamide,R
GENTB_PZA_00807,Pyrazinamide,R
GENTB_PZA_00808,Pyrazinamide,S
GENTB_PZA_00809,Pyrazinamide,R
GENTB_PZA_00810,Pyrazinamide,R
GENTB_PZA_00811,Pyrazinamide,R
GENTB_PZA_00812,Pyrazinamide,R
GENTB_PZA_00813,Pyrazinamide,R
GENTB_PZA_00814,Pyrazinamide,R
GENTB_PZA_00815,Pyrazinamide,R
GENTB_PZA_00816,Pyrazinamide,R
GENTB_PZA_00817,Pyrazinamide,R
GENTB_PZA_00818,Pyrazinamide,R
GENTB_PZA_00819,Pyrazinamide,R
GENTB_PZA_00820,Pyrazinamide,R
GENTB_PZA_00821,Pyrazinamide,R
GENTB_PZA_00822,Pyrazinamide,R
GENTB_PZA_00823,Pyrazinamide,R
GENTB_PZA_00824,Pyrazinamide,S
GENTB_PZA_00825,Pyrazinamide,S
GENTB_PZA_00826,Pyrazinamide,R
GENTB_PZA_00827,Pyrazinamide,R
GENTB_PZA_00828,Pyrazinamide,R
GENTB_PZA_00829,Pyrazinamide,R
GENTB_PZA_00830,Pyrazinamide,S
GENTB_PZA_00831,Pyrazinamide,S
GENTB_PZA_00832,Pyrazinamide,R
GENTB_PZA_00833,Pyrazinamide,R
GENTB_PZA_00834,Pyrazinamide,S
GENTB_PZA_00835,Pyrazinamide,R
GENTB_PZA_00836,Pyrazinamide,R
GENTB_PZA_00837,Pyrazinamide,R
GENTB_PZA_00838,Pyrazinamide,S
GENTB_PZA_00839,Pyrazinamide,R
GENTB_PZA_00840,Pyrazinamide,R
GENTB_PZA_00841,Pyrazinamide,S
GENTB_PZA_00842,Pyrazinamide,S
GENTB_PZA_00843,Pyrazinamide,S
GENTB_PZA_00844,Pyrazinamide,S
GENTB_PZA_00845,Pyrazinamide,R
GENTB_PZA_00846,Pyrazinamide,R
GENTB_PZA_00847,Pyrazinamide,S
GENTB_PZA_00848,Pyrazinamide,S
GENTB_PZA_00849,Pyrazinamide,R
GENTB_PZA_00850,Pyrazinamide,S
GENTB_PZA_00851,Pyrazinamide,S
GENTB_PZA_00852,Pyrazinamide,S
GENTB_PZA_00853,Pyrazinamide,S
GENTB_PZA_00854,Pyrazinamide,R
GENTB_PZA_00855,Pyrazinamide,R
GENTB_PZA_00856,Pyrazinamide,R
GENTB_PZA_00857,Pyrazinamide,S
GENTB_PZA_00858,Pyrazinamide,S
GENTB_PZA_00859,Pyrazinamide,S
GENTB_PZA_00860,Pyrazinamide,S
GENTB_PZA_00861,Pyrazinamide,S
GENTB_PZA_00862,Pyrazinamide,S
GENTB_PZA_00863,Pyrazinamide,S
GENTB_PZA_00864,Pyrazinamide,S
GENTB_PZA_00865,Pyrazinamide,R
GENTB_PZA_00866,Pyrazinamide,R
GENTB_PZA_00867,Pyrazinamide,S
GENTB_PZA_00868,Pyrazinamide,R
GENTB_PZA_00869,Pyrazinamide,S
GENTB_PZA_00870,Pyrazinamide,R
GENTB_PZA_00871,Pyrazinamide,S
GENTB_PZA_00872,Pyrazinamide,S
GENTB_PZA_00873,Pyrazinamide,S
GENTB_PZA_00874,Pyrazinamide,R
GENTB_PZA_00875,Pyrazinamide,R
GENTB_PZA_00876,Pyrazinamide,R
GENTB_PZA_00877,Pyrazinamide,S
GENTB_PZA_00878,Pyrazinamide,S
GENTB_PZA_00879,Pyrazinamide,S
GENTB_PZA_00880,Pyrazinamide,S
GENTB_PZA_00881,Pyrazinamide,R
GENTB_PZA_00882,Pyrazinamide,S
GENTB_PZA_00883,Pyrazinamide,R
GENTB_PZA_00884,Pyrazinamide,S
GENTB_PZA_00885,Pyrazinamide,S
GENTB_PZA_00886,Pyrazinamide,S
GENTB_PZA_00887,Pyrazinamide,R
GENTB_PZA_00888,Pyrazinamide,R
GENTB_PZA_00889,Pyrazinamide,R
GENTB_PZA_00890,Pyrazinamide,S
GENTB_PZA_00891,Pyrazinamide,R
GENTB_PZA_00892,Pyrazinamide,R
GENTB_PZA_00893,Pyrazinamide,R
GENTB_PZA_00894,Pyrazinamide,R
GENTB_PZA_00895,Pyrazinamide,R
GENTB_PZA_00896,Pyrazinamide,R
GENTB_PZA_00897,Pyrazinamide,R
GENTB_PZA_00898,Pyrazinamide,R
GENTB_PZA_00899,Pyrazinamide,R
GENTB_PZA_00900,Pyrazinamide,S
GENTB_PZA_00901,Pyrazinamide,R
GENTB_PZA_00902,Pyrazinamide,R
GENTB_PZA_00903,Pyrazinamide,R
GENTB_PZA_00904,Pyrazinamide,R
GENTB_PZA_00905,Pyrazinamide,R
GENTB_PZA_00906,Pyrazinamide,R
GENTB_PZA_00907,Pyrazinamide,R
GENTB_PZA_00908,Pyrazinamide,R
GENTB_PZA_00909,Pyrazinamide,R
GENTB_PZA_00910,Pyrazinamide,R
GENTB_PZA_00911,Pyrazinamide,R
GENTB_PZA_00912,Pyrazinamide,R
GENTB_PZA_00913,Pyrazinamide,R
GENTB_PZA_00914,Pyrazinamide,R
GENTB_PZA_00915,Pyrazinamide,S
GENTB_PZA_00916,Pyrazinamide,S
GENTB_PZA_00917,Pyrazinamide,S
GENTB_PZA_00918,Pyrazinamide,S
GENTB_PZA_00919,Pyrazinamide,R
GENTB_PZA_00920,Pyrazinamide,S
GENTB_PZA_00921,Pyrazinamide,R
GENTB_PZA_00922,Pyrazinamide,R
GENTB_PZA_00923,Pyrazinamide,S
GENTB_PZA_00924,Pyrazinamide,R
GENTB_PZA_00925,Pyrazinamide,R
GENTB_PZA_00926,Pyrazinamide,R
GENTB_PZA_00927,Pyrazinamide,R
GENTB_PZA_00928,Pyrazinamide,S
GENTB_PZA_00929,Pyrazinamide,R
GENTB_PZA_00930,Pyrazinamide,S
GENTB_PZA_00931,Pyrazinamide,S
GENTB_PZA_00932,Pyrazinamide,R
GENTB_PZA_00933,Pyrazinamide,R
GENTB_PZA_00934,Pyrazinamide,S
GENTB_PZA_00935,Pyrazinamide,R
GENTB_PZA_00936,Pyrazinamide,S
GENTB_PZA_00937,Pyrazinamide,R
GENTB_PZA_00938,Pyrazinamide,S
GENTB_PZA_00939,Pyrazinamide,R
GENTB_PZA_00940,Pyrazinamide,S
GENTB_PZA_00941,Pyrazinamide,R
GENTB_PZA_00942,Pyrazinamide,S
GENTB_PZA_00943,Pyrazinamide,R
GENTB_PZA_00944,Pyrazinamide,R
GENTB_PZA_00945,Pyrazinamide,S
GENTB_PZA_00946,Pyrazinamide,S
GENTB_PZA_00947,Pyrazinamide,S
GENTB_PZA_00948,Pyrazinamide,R
GENTB_PZA_00949,Pyrazinamide,R
GENTB_PZA_00950,Pyrazinamide,S
GENTB_PZA_00951,Pyrazinamide,S
GENTB_PZA_00952,Pyrazinamide,R
GENTB_PZA_00953,Pyrazinamide,R
GENTB_PZA_00954,Pyrazinamide,R
GENTB_PZA_00955,Pyrazinamide,S
GENTB_PZA_00956,Pyrazinamide,R
GENTB_PZA_00957,Pyrazinamide,R
GENTB_PZA_00958,Pyrazinamide,S
GENTB_PZA_00959,Pyrazinamide,S
GENTB_PZA_00960,Pyrazinamide,S
GENTB_PZA_00961,Pyrazinamide,S
GENTB_PZA_00962,Pyrazinamide,S
GENTB_PZA_00963,Pyrazinamide,R
GENTB_PZA_00964,Pyrazinamide,R
GENTB_PZA_00965,Pyrazinamide,R
GENTB_PZA_00966,Pyrazinamide,R
GENTB_PZA_00967,Pyrazinamide,R
GENTB_PZA_00968,Pyrazinamide,R
GENTB_PZA_00969,Pyrazinamide,S
GENTB_PZA_00970,Pyrazinamide,R
GENTB_PZA_00971,Pyrazinamide,R
GENTB_PZA_00972,Pyrazinamide,S
GENTB_PZA_00973,Pyrazinamide,R
GENTB_PZA_00974,Pyrazinamide,S
GENTB_PZA_00975,Pyrazinamide,S
GENTB_PZA_00976,Pyrazinamide,S
GENTB_PZA_00977,Pyrazinamide,R
GENTB_PZA_00978,Pyrazinamide,R
GENTB_PZA_00979,Pyrazinamide,R
GENTB_PZA_00980,Pyrazinamide,S
GENTB_PZA_00981,Pyrazinamide,S
GENTB_PZA_00982,Pyrazinamide,S
GENTB_PZA_00983,Pyrazinamide,S
GENTB_PZA_00984,Pyrazinamide,R
