isolate_id,mutation
GENTB_PZA_00000,pncA@2288933_G>C
GENTB_PZA_00001,pncA@2289180_A>C
GENTB_PZA_00002,pncA@2289180_A>C
GENTB_PZA_00002,pncA@2288956_T>G
GENTB_PZA_00003,pncA@2288851_ins_i391C
GENTB_PZA_00004,pncA@2288784_G>T
GENTB_PZA_00005,pncA@2288933_G>C
GENTB_PZA_00006,pncA@2288827_C>T
GENTB_PZA_00008,pncA@2289207_T>G
GENTB_PZA_00010,pncA@2288847_C>T
GENTB_PZA_00011,pncA@2289220_C>T
GENTB_PZA_00012,pncA@2288775_A>G
GENTB_PZA_00014,pncA@2289213_T>G
GENTB_PZA_00017,pncA@2289070_A>G
GENTB_PZA_00018,pncA@2288847_C>T
GENTB_PZA_00018,pncA@2288853_A>T
GENTB_PZA_00019,pncA@2289180_A>C
GENTB_PZA_00019,pncA@2288847_C>T
GENTB_PZA_00019,pncA@2288853_A>T
GENTB_PZA_00020,pncA@2289213_T>G
GENTB_PZA_00021,pncA@2289180_A>C
GENTB_PZA_00021,pncA@2288817_G>A
GENTB_PZA_00022,pncA@2288825_ins_i417C
GENTB_PZA_00023,pncA@2288727_A>G
GENTB_PZA_00024,pncA@2289103_T>C
GENTB_PZA_00025,pncA@2288883_A>C
GENTB_PZA_00040,pncA@2288727_A>G
GENTB_PZA_00050,pncA@2289252_T>C
GENTB_PZA_00052,pncA@2289103_T>C
GENTB_PZA_00055,pncA@2289103_T>C
GENTB_PZA_00057,pncA@2288766_A>C
GENTB_PZA_00059,pncA@2288895_A>C
GENTB_PZA_00061,pncA@2289103_T>C
GENTB_PZA_00062,pncA@2288827_C>T
GENTB_PZA_00065,pncA@2288697_del_d545AACT
GENTB_PZA_00066,pncA@2289103_T>C
GENTB_PZA_00068,pncA@2289091_G>A
GENTB_PZA_00069,pncA@2289202_A>C
GENTB_PZA_00071,pncA@2288820_T>G
GENTB_PZA_00072,pncA@2289103_T>C
GENTB_PZA_00073,pncA@2288883_A>G
GENTB_PZA_00074,pncA@2289213_T>G
GENTB_PZA_00075,pncA@2288965_C>A
GENTB_PZA_00077,pncA@2288805_G>A
GENTB_PZA_00078,pncA@2289213_T>G
GENTB_PZA_00079,pncA@2289180_A>C
GENTB_PZA_00082,pncA@2289037_G>A
GENTB_PZA_00084,pncA@2289099_T>G
GENTB_PZA_00089,pncA@2289099_T>G
GENTB_PZA_00091,pncA@2289046_A>G
GENTB_PZA_00092,pncA@2288730_G>A
GENTB_PZA_00093,pncA@2289099_T>G
GENTB_PZA_00096,pncA@2289252_T>C
GENTB_PZA_00097,pncA@2289054_T>G
GENTB_PZA_00100,pncA@2289040_A>G
GENTB_PZA_00101,pncA@2289090_T>C
GENTB_PZA_00102,pncA@2289216_A>C
GENTB_PZA_00103,pncA@2289252_T>C
GENTB_PZA_00104,pncA@2289081_G>A
GENTB_PZA_00106,pncA@2288696_C>A
GENTB_PZA_00107,pncA@2289202_A>C
GENTB_PZA_00108,pncA@2288939_del_d303TCCGGTGTAG
GENTB_PZA_00109,pncA@2288703_A>C
GENTB_PZA_00110,pncA@2289252_T>C
GENTB_PZA_00111,pncA@2289091_G>A
GENTB_PZA_00112,pncA@2289252_T>C
GENTB_PZA_00114,pncA@2289040_A>C
GENTB_PZA_00114,pncA@2289001_A>C
GENTB_PZA_00115,pncA@2289073_G>C
GENTB_PZA_00118,pncA@2288704_C>A
GENTB_PZA_00119,pncA@2289212_C>G
GENTB_PZA_00120,pncA@2288844_A>G
GENTB_PZA_00121,pncA@2288933_G>C
GENTB_PZA_00122,pncA@2288805_G>A
GENTB_PZA_00122,pncA@2288818_T>G
GENTB_PZA_00124,pncA@2288850_A>C
GENTB_PZA_00125,pncA@2288944_T>G
GENTB_PZA_00126,pncA@2289252_T>C
GENTB_PZA_00127,pncA@2289219_T>C
GENTB_PZA_00128,pncA@2288696_C>A
GENTB_PZA_00129,pncA@2289040_A>C
GENTB_PZA_00131,pncA@2288805_G>T
GENTB_PZA_00134,pncA@2288883_A>G
GENTB_PZA_00136,pncA@2288933_G>C
GENTB_PZA_00137,pncA@2288973_A>G
GENTB_PZA_00138,pncA@2288883_A>G
GENTB_PZA_00139,pncA@2289099_T>G
GENTB_PZA_00140,pncA@2289180_A>C
GENTB_PZA_00141,pncA@2289081_G>A
GENTB_PZA_00143,pncA@2289099_T>G
GENTB_PZA_00144,pncA@2288805_G>T
GENTB_PZA_00146,pncA@2289001_A>C
GENTB_PZA_00147,pncA@2288933_G>C
GENTB_PZA_00148,pncA@2288696_C>A
GENTB_PZA_00149,pncA@2289090_T>C
GENTB_PZA_00150,pncA@2288895_A>C
GENTB_PZA_00151,pncA@2288696_C>A
GENTB_PZA_00152,pncA@2289099_T>G
GENTB_PZA_00154,pncA@2288805_G>T
GENTB_PZA_00156,pncA@2289090_T>C
GENTB_PZA_00158,pncA@2289054_T>G
GENTB_PZA_00159,pncA@2289214_G>A
GENTB_PZA_00160,pncA@2288887_ins_i355A
GENTB_PZA_00161,pncA@2289070_A>G
GENTB_PZA_00162,pncA@2288934_T>C
GENTB_PZA_00163,pncA@2288934_T>C
GENTB_PZA_00164,pncA@2289099_T>G
GENTB_PZA_00165,pncA@2288883_A>G
GENTB_PZA_00167,pncA@2288883_A>G
GENTB_PZA_00168,pncA@2289054_T>G
GENTB_PZA_00169,pncA@2288883_A>G
GENTB_PZA_00170,pncA@2289207_T>G
GENTB_PZA_00171,pncA@2289180_A>C
GENTB_PZA_00171,pncA@2289202_A>C
GENTB_PZA_00174,pncA@2289202_A>C
GENTB_PZA_00176,pncA@2288841_G>A
GENTB_PZA_00177,pncA@2288835_ins_i407T
GENTB_PZA_00178,pncA@2289150_A>C
GENTB_PZA_00179,pncA@2289180_A>C
GENTB_PZA_00179,pncA@2288883_A>G
GENTB_PZA_00180,pncA@2289180_A>C
GENTB_PZA_00180,pncA@2289207_T>G
GENTB_PZA_00181,pncA@2289180_A>C
GENTB_PZA_00181,pncA@2289090_T>C
GENTB_PZA_00182,pncA@2289070_A>G
GENTB_PZA_00183,pncA@2289009_C>A
GENTB_PZA_00184,pncA@2289180_A>C
GENTB_PZA_00184,pncA@2289207_T>G
GENTB_PZA_00186,pncA@2288764_T>C
GENTB_PZA_00187,pncA@2289180_A>C
GENTB_PZA_00187,pncA@2288953_C>T
GENTB_PZA_00188,pncA@2289070_A>G
GENTB_PZA_00189,pncA@2289180_A>C
GENTB_PZA_00189,pncA@2289252_T>C
GENTB_PZA_00193,pncA@2289090_T>C
GENTB_PZA_00194,pncA@2289098_C>G
GENTB_PZA_00195,pncA@2289098_C>G
GENTB_PZA_00199,pncA@2288869_C>A
GENTB_PZA_00201,pncA@2288839_T>G
GENTB_PZA_00202,pncA@2288883_A>G
GENTB_PZA_00204,pncA@2289136_C>G
GENTB_PZA_00205,pncA@2289231_A>G
GENTB_PZA_00206,pncA@2289072_T>A
GENTB_PZA_00208,pncA@2289180_A>C
GENTB_PZA_00208,pncA@2289090_T>C
GENTB_PZA_00209,pncA@2289180_A>C
GENTB_PZA_00209,pncA@2289070_A>G
GENTB_PZA_00210,pncA@2289180_A>C
GENTB_PZA_00210,pncA@2288839_T>G
GENTB_PZA_00211,pncA@2289180_A>C
GENTB_PZA_00211,pncA@2288848_C>T
GENTB_PZA_00212,pncA@2289180_A>C
GENTB_PZA_00212,pncA@2289090_T>C
GENTB_PZA_00213,pncA@2289180_A>C
GENTB_PZA_00213,pncA@2289099_T>G
GENTB_PZA_00214,pncA@2289180_A>C
GENTB_PZA_00215,pncA@2288887_A>C
GENTB_PZA_00216,pncA@2289180_A>C
GENTB_PZA_00216,pncA@2289099_T>G
GENTB_PZA_00217,pncA@2289180_A>C
GENTB_PZA_00217,pncA@2288820_T>G
GENTB_PZA_00218,pncA@2289180_A>C
GENTB_PZA_00218,pncA@2288835_ins_i407T
GENTB_PZA_00219,pncA@2289180_A>C
GENTB_PZA_00219,pncA@2289070_A>G
GENTB_PZA_00220,pncA@2289180_A>C
GENTB_PZA_00220,pncA@2288869_C>A
GENTB_PZA_00221,pncA@2289136_C>G
GENTB_PZA_00222,pncA@2289180_A>C
GENTB_PZA_00223,pncA@2289180_A>C
GENTB_PZA_00224,pncA@2288851_ins_i391C
GENTB_PZA_00225,pncA@2289180_A>C
GENTB_PZA_00225,pncA@2289090_T>C
GENTB_PZA_00226,pncA@2289180_A>C
GENTB_PZA_00227,pncA@2289180_A>C
GENTB_PZA_00227,pncA@2289070_A>G
GENTB_PZA_00228,pncA@2289180_A>C
GENTB_PZA_00229,pncA@2289180_A>C
GENTB_PZA_00229,pncA@2288887_ins_i355A
GENTB_PZA_00230,pncA@2289180_A>C
GENTB_PZA_00231,pncA@2289180_A>C
GENTB_PZA_00231,pncA@2288953_C>T
GENTB_PZA_00232,pncA@2289180_A>C
GENTB_PZA_00233,pncA@2289180_A>C
GENTB_PZA_00233,pncA@2289207_T>G
GENTB_PZA_00234,pncA@2289180_A>C
GENTB_PZA_00235,pncA@2289180_A>C
GENTB_PZA_00236,pncA@2289180_A>C
GENTB_PZA_00237,pncA@2289180_A>C
GENTB_PZA_00238,pncA@2289180_A>C
GENTB_PZA_00238,pncA@2289070_A>G
GENTB_PZA_00239,pncA@2289251_A>C
GENTB_PZA_00240,pncA@2289180_A>C
GENTB_PZA_00240,pncA@2288839_T>G
GENTB_PZA_00241,pncA@2289180_A>C
GENTB_PZA_00242,pncA@2289180_A>C
GENTB_PZA_00242,pncA@2288988_A>G
GENTB_PZA_00243,pncA@2289180_A>C
GENTB_PZA_00244,pncA@2289180_A>C
GENTB_PZA_00245,pncA@2289180_A>C
GENTB_PZA_00245,pncA@2289070_A>G
GENTB_PZA_00246,pncA@2288839_T>G
GENTB_PZA_00247,pncA@2288919_C>T
GENTB_PZA_00248,pncA@2288953_C>T
GENTB_PZA_00249,pncA@2289072_T>A
GENTB_PZA_00250,pncA@2289070_A>G
GENTB_PZA_00251,pncA@2289099_T>G
GENTB_PZA_00253,pncA@2288839_T>G
GENTB_PZA_00254,pncA@2289252_T>C
GENTB_PZA_00255,pncA@2288887_ins_i355A
GENTB_PZA_00256,pncA@2289040_A>C
GENTB_PZA_00257,pncA@2289097_C>T
GENTB_PZA_00258,pncA@2288820_T>G
GENTB_PZA_00259,pncA@2289070_A>G
GENTB_PZA_00260,pncA@2289099_T>G
GENTB_PZA_00263,pncA@2289090_T>C
GENTB_PZA_00265,pncA@2289072_T>A
GENTB_PZA_00266,pncA@2288839_T>G
GENTB_PZA_00267,pncA@2289099_T>G
GENTB_PZA_00270,pncA@2289090_T>C
GENTB_PZA_00272,pncA@2288839_T>G
GENTB_PZA_00274,pncA@2289231_A>G
GENTB_PZA_00275,pncA@2289090_T>C
GENTB_PZA_00277,pncA@2289009_ins_i233C
GENTB_PZA_00282,pncA@2289090_T>C
GENTB_PZA_00283,pncA@2289069_A>C
GENTB_PZA_00284,pncA@2289099_T>G
GENTB_PZA_00285,pncA@2288839_T>G
GENTB_PZA_00286,pncA@2289009_ins_i233C
GENTB_PZA_00290,pncA@2289090_T>C
GENTB_PZA_00291,pncA@2289070_A>G
GENTB_PZA_00292,pncA@2288854_C>T
GENTB_PZA_00293,pncA@2289090_T>C
GENTB_PZA_00295,pncA@2289180_A>C
GENTB_PZA_00296,pncA@2289180_A>C
GENTB_PZA_00297,pncA@2288854_C>T
GENTB_PZA_00298,pncA@2288854_C>T
GENTB_PZA_00299,pncA@2289207_T>C
GENTB_PZA_00300,pncA@2289207_T>C
GENTB_PZA_00301,pncA@2289180_A>C
GENTB_PZA_00302,pncA@2289180_A>C
GENTB_PZA_00303,pncA@2288854_C>T
GENTB_PZA_00304,pncA@2288854_C>T
GENTB_PZA_00305,pncA@2288854_C>T
GENTB_PZA_00306,pncA@2289060_del_d182GTGCCGGA
GENTB_PZA_00307,pncA@2288925_A>G
GENTB_PZA_00308,pncA@2289180_A>C
GENTB_PZA_00309,pncA@2289070_A>G
GENTB_PZA_00310,pncA@2288973_A>G
GENTB_PZA_00311,pncA@2289070_A>G
GENTB_PZA_00312,pncA@2288883_A>C
GENTB_PZA_00314,pncA@2289054_T>G
GENTB_PZA_00315,pncA@2289054_T>G
GENTB_PZA_00316,pncA@2289207_T>G
GENTB_PZA_00318,pncA@2288883_A>C
GENTB_PZA_00319,pncA@2288704_C>A
GENTB_PZA_00321,pncA@2288973_A>G
GENTB_PZA_00324,pncA@2289070_A>G
GENTB_PZA_00325,pncA@2289015_G>A
GENTB_PZA_00327,pncA@2289097_C>T
GENTB_PZA_00328,pncA@2289252_T>C
GENTB_PZA_00331,pncA@2289202_A>G
GENTB_PZA_00332,pncA@2289202_A>G
GENTB_PZA_00333,pncA@2288725_ins_i517C
GENTB_PZA_00334,pncA@2289180_A>C
GENTB_PZA_00334,pncA@2288725_ins_i517C
GENTB_PZA_00334,pncA@2289202_A>G
GENTB_PZA_00335,pncA@2289202_A>G
GENTB_PZA_00336,pncA@2289202_A>G
GENTB_PZA_00337,pncA@2289202_A>G
GENTB_PZA_00338,pncA@2288725_ins_i517C
GENTB_PZA_00339,pncA@2289202_A>G
GENTB_PZA_00340,pncA@2289202_A>G
GENTB_PZA_00341,pncA@2289202_A>G
GENTB_PZA_00342,pncA@2289202_A>G
GENTB_PZA_00343,pncA@2289202_A>G
GENTB_PZA_00344,pncA@2289150_A>C
GENTB_PZA_00345,pncA@2289202_A>G
GENTB_PZA_00346,pncA@2288725_ins_i517C
GENTB_PZA_00346,pncA@2289069_del_d173A
GENTB_PZA_00347,pncA@2288725_ins_i517C
GENTB_PZA_00347,pncA@2289202_A>G
GENTB_PZA_00348,pncA@2288725_ins_i517C
GENTB_PZA_00349,pncA@2289180_A>C
GENTB_PZA_00349,pncA@2289202_A>G
GENTB_PZA_00350,pncA@2288776_del_d466GCACCCTG
GENTB_PZA_00351,pncA@2289220_C>T
GENTB_PZA_00352,pncA@2288935_A>G
GENTB_PZA_00353,pncA@2288933_G>C
GENTB_PZA_00354,pncA@2288933_G>C
GENTB_PZA_00356,pncA@2288933_G>C
GENTB_PZA_00357,pncA@2288725_ins_i517C
GENTB_PZA_00357,pncA@2288933_G>C
GENTB_PZA_00361,pncA@2289180_A>C
GENTB_PZA_00362,pncA@2289069_del_d173A
GENTB_PZA_00364,pncA@2288851_ins_i391CC
GENTB_PZA_00365,pncA@2288827_C>T
GENTB_PZA_00372,pncA@2289180_A>C
GENTB_PZA_00374,pncA@2289252_T>C
GENTB_PZA_00377,pncA@2289180_A>C
GENTB_PZA_00378,pncA@2289000_A>G
GENTB_PZA_00384,pncA@2289054_T>C
GENTB_PZA_00385,pncA@2289180_A>C
GENTB_PZA_00387,pncA@2289001_A>C
GENTB_PZA_00388,pncA@2289180_A>C
GENTB_PZA_00390,pncA@2289180_A>C
GENTB_PZA_00391,pncA@2289252_T>C
GENTB_PZA_00392,pncA@2289180_A>C
GENTB_PZA_00393,pncA@2288790_A>G
GENTB_PZA_00394,pncA@2289180_A>C
GENTB_PZA_00394,pncA@2288833_G>T
GENTB_PZA_00396,pncA@2289213_T>G
GENTB_PZA_00397,pncA@2289206_G>C
GENTB_PZA_00399,pncA@2289213_T>C
GENTB_PZA_00400,pncA@2289213_T>C
GENTB_PZA_00401,pncA@2288869_C>A
GENTB_PZA_00404,pncA@2289016_T>G
GENTB_PZA_00407,pncA@2289253_A>C
GENTB_PZA_00408,pncA@2288934_T>C
GENTB_PZA_00409,pncA@2289180_A>C
GENTB_PZA_00410,pncA@2289180_A>C
GENTB_PZA_00411,pncA@2289180_A>C
GENTB_PZA_00412,pncA@2289180_A>C
GENTB_PZA_00413,pncA@2289180_A>C
GENTB_PZA_00414,pncA@2289180_A>C
GENTB_PZA_00416,pncA@2289180_A>C
GENTB_PZA_00417,pncA@2289180_A>C
GENTB_PZA_00417,pncA@2289252_T>C
GENTB_PZA_00418,pncA@2289180_A>C
GENTB_PZA_00419,pncA@2288826_A>G
GENTB_PZA_00420,pncA@2289180_A>C
GENTB_PZA_00421,pncA@2289180_A>C
GENTB_PZA_00422,pncA@2289180_A>C
GENTB_PZA_00424,pncA@2289180_A>C
GENTB_PZA_00425,pncA@2289180_A>C
GENTB_PZA_00426,pncA@2289180_A>C
GENTB_PZA_00429,pncA@2289214_G>A
GENTB_PZA_00434,pncA@2289180_A>C
GENTB_PZA_00436,pncA@2289228_A>G
GENTB_PZA_00438,pncA@2288965_C>A
GENTB_PZA_00439,pncA@2289228_A>G
GENTB_PZA_00440,pncA@2289213_T>G
GENTB_PZA_00442,pncA@2289180_A>C
GENTB_PZA_00446,pncA@2288839_T>G
GENTB_PZA_00447,pncA@2289099_T>G
GENTB_PZA_00448,pncA@2288933_G>C
GENTB_PZA_00450,pncA@2289245_T>A
GENTB_PZA_00451,pncA@2289245_T>A
GENTB_PZA_00452,pncA@2289245_T>A
GENTB_PZA_00453,pncA@2289180_A>C
GENTB_PZA_00455,pncA@2288883_A>C
GENTB_PZA_00458,pncA@2289245_T>A
GENTB_PZA_00459,pncA@2289050_ins_i192T
GENTB_PZA_00461,pncA@2289207_T>G
GENTB_PZA_00462,pncA@2289054_T>C
GENTB_PZA_00464,pncA@2289090_T>C
GENTB_PZA_00465,pncA@2288944_T>G
GENTB_PZA_00466,pncA@2288805_G>A
GENTB_PZA_00467,pncA@2288942_del_d300GGTGTA
GENTB_PZA_00469,pncA@2288988_A>G
GENTB_PZA_00470,pncA@2289090_T>C
GENTB_PZA_00473,pncA@2289180_A>C
GENTB_PZA_00473,pncA@2289202_A>C
GENTB_PZA_00474,pncA@2289069_A>C
GENTB_PZA_00475,pncA@2288953_C>T
GENTB_PZA_00476,pncA@2288988_A>G
GENTB_PZA_00477,pncA@2288818_T>C
GENTB_PZA_00478,pncA@2289043_A>G
GENTB_PZA_00479,pncA@2288953_C>T
GENTB_PZA_00480,pncA@2289180_A>C
GENTB_PZA_00480,pncA@2289073_G>A
GENTB_PZA_00481,pncA@2289180_A>C
GENTB_PZA_00481,pncA@2289202_A>C
GENTB_PZA_00482,pncA@2289180_A>C
GENTB_PZA_00482,pncA@2288925_A>G
GENTB_PZA_00482,pncA@2288923_del_d319C
GENTB_PZA_00484,pncA@2289180_A>C
GENTB_PZA_00485,pncA@2288878_G>A
GENTB_PZA_00487,pncA@2288818_T>C
GENTB_PZA_00489,pncA@2289016_T>G
GENTB_PZA_00490,pncA@2289090_T>C
GENTB_PZA_00492,pncA@2288938_C>G
GENTB_PZA_00493,pncA@2289015_G>A
GENTB_PZA_00494,pncA@2289180_A>C
GENTB_PZA_00495,pncA@2289207_T>C
GENTB_PZA_00497,pncA@2289180_A>C
GENTB_PZA_00498,pncA@2288696_C>A
GENTB_PZA_00499,pncA@2289090_T>C
GENTB_PZA_00500,pncA@2289050_A>T
GENTB_PZA_00501,pncA@2289028_A>G
GENTB_PZA_00502,pncA@2289180_A>C
GENTB_PZA_00503,pncA@2289073_G>A
GENTB_PZA_00504,pncA@2288883_A>G
GENTB_PZA_00506,pncA@2289213_T>G
GENTB_PZA_00507,pncA@2288883_A>G
GENTB_PZA_00508,pncA@2288839_T>G
GENTB_PZA_00510,pncA@2288933_G>C
GENTB_PZA_00511,pncA@2289180_A>C
GENTB_PZA_00511,pncA@2289090_T>C
GENTB_PZA_00515,pncA@2289180_A>C
GENTB_PZA_00515,pncA@2288939_del_d303TCCGGTGTAG
GENTB_PZA_00516,pncA@2289180_A>C
GENTB_PZA_00517,pncA@2289090_T>C
GENTB_PZA_00519,pncA@2289212_C>G
GENTB_PZA_00520,pncA@2288835_T>C
GENTB_PZA_00521,pncA@2289090_T>C
GENTB_PZA_00522,pncA@2288841_G>A
GENTB_PZA_00525,pncA@2289099_T>G
GENTB_PZA_00528,pncA@2288778_A>C
GENTB_PZA_00529,pncA@2289037_G>A
GENTB_PZA_00531,pncA@2288883_A>G
GENTB_PZA_00532,pncA@2289180_A>C
GENTB_PZA_00533,pncA@2288696_C>A
GENTB_PZA_00534,pncA@2289070_A>G
GENTB_PZA_00535,pncA@2289180_A>C
GENTB_PZA_00536,pncA@2289180_A>C
GENTB_PZA_00536,pncA@2289202_A>C
GENTB_PZA_00538,pncA@2289180_A>C
GENTB_PZA_00538,pncA@2289016_T>G
GENTB_PZA_00539,pncA@2288704_C>A
GENTB_PZA_00542,pncA@2288933_G>C
GENTB_PZA_00544,pncA@2289090_T>C
GENTB_PZA_00545,pncA@2289090_T>C
GENTB_PZA_00546,pncA@2288952_C>T
GENTB_PZA_00548,pncA@2288878_G>A
GENTB_PZA_00549,pncA@2289040_A>G
GENTB_PZA_00550,pncA@2289042_G>T
GENTB_PZA_00551,pncA@2289180_A>C
GENTB_PZA_00551,pncA@2289142_A>C
GENTB_PZA_00552,pncA@2289180_A>C
GENTB_PZA_00554,pncA@2289180_A>C
GENTB_PZA_00554,pncA@2289252_T>C
GENTB_PZA_00555,pncA@2289090_T>C
GENTB_PZA_00556,pncA@2288697_A>G
GENTB_PZA_00557,pncA@2288839_T>G
GENTB_PZA_00559,pncA@2288826_A>G
GENTB_PZA_00561,pncA@2289054_T>G
GENTB_PZA_00563,pncA@2289016_T>G
GENTB_PZA_00566,pncA@2289216_A>C
GENTB_PZA_00568,pncA@2289231_A>G
GENTB_PZA_00570,pncA@2289252_T>C
GENTB_PZA_00571,pncA@2289070_A>G
GENTB_PZA_00572,pncA@2289081_G>A
GENTB_PZA_00574,pncA@2289180_A>C
GENTB_PZA_00575,pncA@2289016_T>G
GENTB_PZA_00576,pncA@2289016_T>G
GENTB_PZA_00577,pncA@2289180_A>C
GENTB_PZA_00579,pncA@2288818_T>C
GENTB_PZA_00580,pncA@2289180_A>C
GENTB_PZA_00581,pncA@2288697_A>C
GENTB_PZA_00582,pncA@2289081_G>A
GENTB_PZA_00583,pncA@2288841_G>A
GENTB_PZA_00584,pncA@2288883_A>G
GENTB_PZA_00586,pncA@2289090_T>C
GENTB_PZA_00588,pncA@2288919_C>T
GENTB_PZA_00589,pncA@2288766_A>C
GENTB_PZA_00590,pncA@2288818_T>C
GENTB_PZA_00591,pncA@2288964_A>C
GENTB_PZA_00593,pncA@2289180_A>C
GENTB_PZA_00594,pncA@2289010_C>T
GENTB_PZA_00595,pncA@2288697_A>G
GENTB_PZA_00596,pncA@2288851_ins_i391CC
GENTB_PZA_00597,pncA@2289042_G>T
GENTB_PZA_00598,pncA@2289090_T>C
GENTB_PZA_00599,pncA@2289016_T>G
GENTB_PZA_00601,pncA@2289180_A>C
GENTB_PZA_00602,pncA@2289180_A>C
GENTB_PZA_00602,pncA@2289090_T>C
GENTB_PZA_00603,pncA@2289180_A>C
GENTB_PZA_00603,pncA@2289252_T>C
GENTB_PZA_00604,pncA@2289180_A>C
GENTB_PZA_00605,pncA@2289180_A>C
GENTB_PZA_00605,pncA@2289040_A>C
GENTB_PZA_00606,pncA@2289180_A>C
GENTB_PZA_00606,pncA@2288933_G>C
GENTB_PZA_00607,pncA@2289072_T>C
GENTB_PZA_00608,pncA@2289180_A>C
GENTB_PZA_00608,pncA@2288887_A>C
GENTB_PZA_00609,pncA@2289042_G>C
GENTB_PZA_00610,pncA@2288825_ins_i417C
GENTB_PZA_00612,pncA@2288697_A>C
GENTB_PZA_00613,pncA@2288778_A>C
GENTB_PZA_00614,pncA@2288964_A>C
GENTB_PZA_00615,pncA@2288839_T>G
GENTB_PZA_00617,pncA@2289213_T>C
GENTB_PZA_00620,pncA@2288718_A>C
GENTB_PZA_00624,pncA@2288943_G>A
GENTB_PZA_00625,pncA@2289213_T>G
GENTB_PZA_00626,pncA@2288851_ins_i391CC
GENTB_PZA_00627,pncA@2289180_A>C
GENTB_PZA_00627,pncA@2289090_T>C
GENTB_PZA_00628,pncA@2289090_T>C
GENTB_PZA_00629,pncA@2289180_A>C
GENTB_PZA_00629,pncA@2289090_T>C
GENTB_PZA_00630,pncA@2289180_A>C
GENTB_PZA_00630,pncA@2289099_T>G
GENTB_PZA_00632,pncA@2289180_A>C
GENTB_PZA_00632,pncA@2288742_G>A
GENTB_PZA_00634,pncA@2288717_C>T
GENTB_PZA_00636,pncA@2288835_T>C
GENTB_PZA_00638,pncA@2288775_A>G
GENTB_PZA_00643,pncA@2288848_C>T
GENTB_PZA_00644,pncA@2288848_C>T
GENTB_PZA_00646,pncA@2289090_T>C
GENTB_PZA_00647,pncA@2288730_G>A
GENTB_PZA_00648,pncA@2289180_A>C
GENTB_PZA_00648,pncA@2289252_T>C
GENTB_PZA_00648,pncA@2288853_A>C
GENTB_PZA_00648,pncA@2289090_T>G
GENTB_PZA_00649,pncA@2289070_A>G
GENTB_PZA_00650,pncA@2289212_C>G
GENTB_PZA_00653,pncA@2288839_T>G
GENTB_PZA_00654,pncA@2289180_A>C
GENTB_PZA_00654,pncA@2289040_A>C
GENTB_PZA_00654,pncA@2288848_C>T
GENTB_PZA_00655,pncA@2288848_C>T
GENTB_PZA_00656,pncA@2288933_G>C
GENTB_PZA_00657,pncA@2289069_del_d173A
GENTB_PZA_00658,pncA@2289180_A>C
GENTB_PZA_00658,pncA@2289040_A>C
GENTB_PZA_00658,pncA@2288935_A>G
GENTB_PZA_00660,pncA@2288851_ins_i391C
GENTB_PZA_00661,pncA@2288784_G>T
GENTB_PZA_00662,pncA@2289202_A>C
GENTB_PZA_00663,pncA@2288826_A>G
GENTB_PZA_00665,pncA@2288847_C>T
GENTB_PZA_00665,pncA@2288853_A>T
GENTB_PZA_00666,pncA@2288826_A>C
GENTB_PZA_00676,pncA@2289103_T>C
GENTB_PZA_00677,pncA@2289180_A>C
GENTB_PZA_00677,pncA@2288805_G>T
GENTB_PZA_00682,pncA@2288998_G>A
GENTB_PZA_00683,pncA@2289207_T>C
GENTB_PZA_00684,pncA@2288851_ins_i391CC
GENTB_PZA_00686,pncA@2288730_G>A
GENTB_PZA_00688,pncA@2289103_T>C
GENTB_PZA_00689,pncA@2288883_A>G
GENTB_PZA_00691,pncA@2288933_G>C
GENTB_PZA_00692,pncA@2289099_T>G
GENTB_PZA_00694,pncA@2288883_A>G
GENTB_PZA_00696,pncA@2289099_T>G
GENTB_PZA_00697,pncA@2288850_A>C
GENTB_PZA_00699,pncA@2288839_T>G
GENTB_PZA_00701,pncA@2289252_T>G
GENTB_PZA_00702,pncA@2289252_T>C
GENTB_PZA_00704,pncA@2288859_A>C
GENTB_PZA_00708,pncA@2288697_A>G
GENTB_PZA_00709,pncA@2288825_ins_i417C
GENTB_PZA_00710,pncA@2289097_C>T
GENTB_PZA_00714,pncA@2288718_A>G
GENTB_PZA_00718,pncA@2289054_T>G
GENTB_PZA_00720,pncA@2289099_T>G
GENTB_PZA_00721,pncA@2289180_A>C
GENTB_PZA_00722,pncA@2289043_A>G
GENTB_PZA_00723,pncA@2289090_T>C
GENTB_PZA_00727,pncA@2288878_G>A
GENTB_PZA_00728,pncA@2289252_T>G
GENTB_PZA_00729,pncA@2288826_A>G
GENTB_PZA_00731,pncA@2288696_C>A
GENTB_PZA_00732,pncA@2288826_A>G
GENTB_PZA_00733,pncA@2288883_A>G
GENTB_PZA_00734,pncA@2289180_A>C
GENTB_PZA_00734,pncA@2289099_T>G
GENTB_PZA_00735,pncA@2288883_A>G
GENTB_PZA_00737,pncA@2289180_A>C
GENTB_PZA_00737,pncA@2289202_A>C
GENTB_PZA_00738,pncA@2288696_C>A
GENTB_PZA_00739,pncA@2288883_A>G
GENTB_PZA_00741,pncA@2289180_A>C
GENTB_PZA_00741,pncA@2289186_A>G
GENTB_PZA_00742,pncA@2289252_T>C
GENTB_PZA_00743,pncA@2289207_T>G
GENTB_PZA_00744,pncA@2288883_A>G
GENTB_PZA_00746,pncA@2288835_T>C
GENTB_PZA_00747,pncA@2288841_G>A
GENTB_PZA_00749,pncA@2289090_T>C
GENTB_PZA_00750,pncA@2288887_A>C
GENTB_PZA_00751,pncA@2289180_A>C
GENTB_PZA_00751,pncA@2288820_T>G
GENTB_PZA_00751,pncA@2288853_A>C
GENTB_PZA_00752,pncA@2289180_A>C
GENTB_PZA_00753,pncA@2289180_A>C
GENTB_PZA_00753,pncA@2288835_ins_i407T
GENTB_PZA_00755,pncA@2289180_A>C
GENTB_PZA_00755,pncA@2288820_T>G
GENTB_PZA_00756,pncA@2288953_C>T
GENTB_PZA_00757,pncA@2289180_A>C
GENTB_PZA_00757,pncA@2289072_T>A
GENTB_PZA_00758,pncA@2289180_A>C
GENTB_PZA_00758,pncA@2288887_ins_i355A
GENTB_PZA_00759,pncA@2289180_A>C
GENTB_PZA_00760,pncA@2289180_A>C
GENTB_PZA_00760,pncA@2288839_T>G
GENTB_PZA_00761,pncA@2289180_A>C
GENTB_PZA_00762,pncA@2289180_A>C
GENTB_PZA_00762,pncA@2289090_T>C
GENTB_PZA_00764,pncA@2289180_A>C
GENTB_PZA_00764,pncA@2288887_A>C
GENTB_PZA_00765,pncA@2289180_A>C
GENTB_PZA_00765,pncA@2289072_T>A
GENTB_PZA_00766,pncA@2289180_A>C
GENTB_PZA_00767,pncA@2289180_A>C
GENTB_PZA_00767,pncA@2289070_A>G
GENTB_PZA_00768,pncA@2289180_A>C
GENTB_PZA_00768,pncA@2289090_T>C
GENTB_PZA_00769,pncA@2289009_C>A
GENTB_PZA_00770,pncA@2289180_A>C
GENTB_PZA_00771,pncA@2289180_A>C
GENTB_PZA_00771,pncA@2289231_A>G
GENTB_PZA_00772,pncA@2288841_G>A
GENTB_PZA_00773,pncA@2289180_A>C
GENTB_PZA_00774,pncA@2289180_A>C
GENTB_PZA_00774,pncA@2288839_T>G
GENTB_PZA_00775,pncA@2289180_A>C
GENTB_PZA_00775,pncA@2289070_A>G
GENTB_PZA_00776,pncA@2289180_A>C
GENTB_PZA_00777,pncA@2289180_A>C
GENTB_PZA_00778,pncA@2289180_A>C
GENTB_PZA_00778,pncA@2288919_C>T
GENTB_PZA_00779,pncA@2289231_A>G
GENTB_PZA_00780,pncA@2289231_A>G
GENTB_PZA_00781,pncA@2288887_ins_i355A
GENTB_PZA_00784,pncA@2289070_A>G
GENTB_PZA_00785,pncA@2289251_A>C
GENTB_PZA_00786,pncA@2289072_T>A
GENTB_PZA_00787,pncA@2289099_T>G
GENTB_PZA_00789,pncA@2289097_C>T
GENTB_PZA_00790,pncA@2289099_T>G
GENTB_PZA_00791,pncA@2288953_C>T
GENTB_PZA_00792,pncA@2289099_T>G
GENTB_PZA_00793,pncA@2289090_T>C
GENTB_PZA_00794,pncA@2289098_C>G
GENTB_PZA_00795,pncA@2289090_T>C
GENTB_PZA_00796,pncA@2288805_G>T
GENTB_PZA_00799,pncA@2289180_A>C
GENTB_PZA_00800,pncA@2289090_T>C
GENTB_PZA_00801,pncA@2289207_T>C
GENTB_PZA_00802,pncA@2289090_T>C
GENTB_PZA_00803,pncA@2289180_A>C
GENTB_PZA_00804,pncA@2288854_C>T
GENTB_PZA_00805,pncA@2289252_T>C
GENTB_PZA_00806,pncA@2289213_T>C
GENTB_PZA_00807,pncA@2289054_T>G
GENTB_PZA_00808,pncA@2289015_G>A
GENTB_PZA_00809,pncA@2288883_A>G
GENTB_PZA_00810,pncA@2289054_T>G
GENTB_PZA_00811,pncA@2289252_T>C
GENTB_PZA_00812,pncA@2289252_T>C
GENTB_PZA_00813,pncA@2289097_C>T
GENTB_PZA_00814,pncA@2288725_ins_i517C
GENTB_PZA_00815,pncA@2289202_A>G
GENTB_PZA_00816,pncA@2289202_A>G
GENTB_PZA_00817,pncA@2289202_A>G
GENTB_PZA_00818,pncA@2289202_A>G
GENTB_PZA_00819,pncA@2289180_A>C
GENTB_PZA_00819,pncA@2288725_ins_i517C
GENTB_PZA_00820,pncA@2289180_A>C
GENTB_PZA_00820,pncA@2289202_A>G
GENTB_PZA_00821,pncA@2289180_A>C
GENTB_PZA_00821,pncA@2289202_A>G
GENTB_PZA_00822,pncA@2288725_ins_i517C
GENTB_PZA_00823,pncA@2288725_ins_i517C
GENTB_PZA_00826,pncA@2289202_A>G
GENTB_PZA_00827,pncA@2289202_A>G
GENTB_PZA_00828,pncA@2289202_A>G
GENTB_PZA_00829,pncA@2289202_A>G
GENTB_PZA_00830,pncA@2289202_A>G
GENTB_PZA_00831,pncA@2289202_A>G
GENTB_PZA_00832,pncA@2289180_A>C
GENTB_PZA_00832,pncA@2289202_A>G
GENTB_PZA_00833,pncA@2288725_ins_i517C
GENTB_PZA_00834,pncA@2289202_A>G
GENTB_PZA_00835,pncA@2288776_del_d466GCACCCTG
GENTB_PZA_00836,pncA@2289220_C>T
GENTB_PZA_00837,pncA@2289180_A>C
GENTB_PZA_00837,pncA@2288933_G>C
GENTB_PZA_00839,pncA@2289069_del_d173A
GENTB_PZA_00840,pncA@2288933_G>C
GENTB_PZA_00845,pncA@2289069_del_d173A
GENTB_PZA_00846,pncA@2289069_del_d173A
GENTB_PZA_00848,pncA@2289207_T>G
GENTB_PZA_00849,pncA@2289180_A>C
GENTB_PZA_00853,pncA@2289162_A>G
GENTB_PZA_00854,pncA@2289180_A>C
GENTB_PZA_00854,pncA@2289009_ins_i233C
GENTB_PZA_00855,pncA@2289180_A>C
GENTB_PZA_00856,pncA@2289073_G>C
GENTB_PZA_00863,pncA@2289226_T>G
GENTB_PZA_00865,pncA@2289030_T>G
GENTB_PZA_00866,pncA@2289095_G>C
GENTB_PZA_00868,pncA@2289180_A>C
GENTB_PZA_00868,pncA@2289231_A>G
GENTB_PZA_00869,pncA@2289180_A>C
GENTB_PZA_00870,pncA@2289180_A>C
GENTB_PZA_00870,pncA@2289231_A>G
GENTB_PZA_00871,pncA@2289180_A>C
GENTB_PZA_00872,pncA@2289180_A>C
GENTB_PZA_00873,pncA@2289180_A>C
GENTB_PZA_00874,pncA@2289180_A>C
GENTB_PZA_00874,pncA@2288955_T>G
GENTB_PZA_00875,pncA@2289180_A>C
GENTB_PZA_00876,pncA@2289180_A>C
GENTB_PZA_00877,pncA@2289207_T>G
GENTB_PZA_00878,pncA@2289180_A>C
GENTB_PZA_00878,pncA@2288934_T>C
GENTB_PZA_00879,pncA@2289180_A>C
GENTB_PZA_00880,pncA@2288965_C>A
GENTB_PZA_00881,pncA@2289213_T>G
GENTB_PZA_00883,pncA@2289213_T>G
GENTB_PZA_00886,pncA@2289120_T>C
GENTB_PZA_00888,pncA@2289213_T>G
GENTB_PZA_00889,pncA@2289090_T>C
GENTB_PZA_00891,pncA@2288826_A>C
GENTB_PZA_00892,pncA@2289050_A>T
GENTB_PZA_00893,pncA@2289231_A>C
GENTB_PZA_00894,pncA@2288704_C>A
GENTB_PZA_00895,pncA@2288939_del_d303TCCGGTGTAG
GENTB_PZA_00896,pncA@2289037_G>A
GENTB_PZA_00897,pncA@2289207_T>G
GENTB_PZA_00899,pncA@2289245_T>A
GENTB_PZA_00900,pncA@2289202_A>C
GENTB_PZA_00901,pncA@2289252_T>C
GENTB_PZA_00902,pncA@2289030_T>C
GENTB_PZA_00905,pncA@2289180_A>C
GENTB_PZA_00905,pncA@2289090_T>C
GENTB_PZA_00906,pncA@2289180_A>C
GENTB_PZA_00906,pncA@2289162_A>G
GENTB_PZA_00907,pncA@2288942_ins_i300T
GENTB_PZA_00908,pncA@2289016_T>G
GENTB_PZA_00909,pncA@2289090_T>C
GENTB_PZA_00910,pncA@2289045_G>T
GENTB_PZA_00913,pncA@2289016_T>G
GENTB_PZA_00914,pncA@2288935_A>G
GENTB_PZA_00918,pncA@2289180_A>C
GENTB_PZA_00919,pncA@2289252_T>C
GENTB_PZA_00920,pncA@2289180_A>C
GENTB_PZA_00920,pncA@2289099_T>G
GENTB_PZA_00921,pncA@2289180_A>C
GENTB_PZA_00922,pncA@2289180_A>C
GENTB_PZA_00922,pncA@2288952_C>T
GENTB_PZA_00923,pncA@2289180_A>C
GENTB_PZA_00924,pncA@2288703_A>C
GENTB_PZA_00925,pncA@2288841_G>A
GENTB_PZA_00926,pncA@2289213_T>G
GENTB_PZA_00928,pncA@2288696_C>A
GENTB_PZA_00929,pncA@2289180_A>C
GENTB_PZA_00930,pncA@2289180_A>C
GENTB_PZA_00931,pncA@2289180_A>C
GENTB_PZA_00931,pncA@2289099_T>G
GENTB_PZA_00932,pncA@2289180_A>C
GENTB_PZA_00932,pncA@2289081_G>A
GENTB_PZA_00933,pncA@2289180_A>C
GENTB_PZA_00933,pncA@2288718_A>C
GENTB_PZA_00934,pncA@2289180_A>C
GENTB_PZA_00934,pncA@2289098_C>G
GENTB_PZA_00935,pncA@2288952_C>T
GENTB_PZA_00937,pncA@2289073_G>A
GENTB_PZA_00939,pncA@2289090_T>C
GENTB_PZA_00941,pncA@2288956_T>C
GENTB_PZA_00942,pncA@2289099_T>G
GENTB_PZA_00943,pncA@2289050_ins_i192T
GENTB_PZA_00945,pncA@2289120_T>C
GENTB_PZA_00947,pncA@2288742_G>A
GENTB_PZA_00948,pncA@2289099_T>G
GENTB_PZA_00952,pncA@2289090_T>C
GENTB_PZA_00953,pncA@2289207_T>C
GENTB_PZA_00954,pncA@2289180_A>C
GENTB_PZA_00954,pncA@2288850_A>C
GENTB_PZA_00955,pncA@2289180_A>C
GENTB_PZA_00955,pncA@2289010_C>T
GENTB_PZA_00956,pncA@2289028_A>G
GENTB_PZA_00957,pncA@2288826_A>G
GENTB_PZA_00961,pncA@2288696_C>A
GENTB_PZA_00962,pncA@2289099_T>G
GENTB_PZA_00963,pncA@2288839_T>G
GENTB_PZA_00964,pncA@2289016_T>G
GENTB_PZA_00965,pncA@2289180_A>C
GENTB_PZA_00966,pncA@2289090_T>C
GENTB_PZA_00967,pncA@2289090_T>C
GENTB_PZA_00968,pncA@2289090_T>C
GENTB_PZA_00970,pncA@2289180_A>C
GENTB_PZA_00970,pncA@2289016_T>G
GENTB_PZA_00974,pncA@2289103_T>C
GENTB_PZA_00976,pncA@2289103_T>C
GENTB_PZA_00977,pncA@2289090_T>C
GENTB_PZA_00978,pncA@2289090_T>C
GENTB_PZA_00980,pncA@2289180_A>C
GENTB_PZA_00982,pncA@2289180_A>C
GENTB_PZA_00984,pncA@2289069_del_d173A
